fecha_hora;pH;temperatura_C;humedad_suelo_%;N_ppm;P_ppm;K_ppm;ph_bajo;ph_alto;hum_baja;hum_alta;temp_baja;temp_alta;n_bajo;n_alto;p_bajo;p_alto;k_bajo;k_alto
1/11/2025 0:00;7.23;7.3;66.6;21.6;26.0;128.4;0;1;0;0;1;0;0;0;0;0;0;0
1/11/2025 1:00;5.17;17.4;71.8;12.6;85.7;90.2;1;0;0;0;0;0;1;0;0;1;1;0
1/11/2025 2:00;7.05;14.4;29.4;11.7;34.0;146.6;0;1;1;0;0;0;1;0;0;0;0;0
1/11/2025 3:00;6.42;15.8;81.3;29.8;89.2;148.2;0;0;0;1;0;0;0;0;0;1;0;0
1/11/2025 4:00;5.79;28.2;92.6;25.0;28.4;59.6;0;0;0;1;0;1;0;0;0;0;1;0
1/11/2025 5:00;5.73;2.5;75.5;22.5;23.6;160.7;0;0;0;0;1;0;0;0;0;0;0;0
1/11/2025 6:00;5.65;12.1;69.8;23.4;37.2;162.3;0;0;0;0;0;0;0;0;0;0;0;0
1/11/2025 7:00;7.25;15.7;71.5;22.3;30.9;127.2;0;1;0;0;0;0;0;0;0;0;0;0
1/11/2025 8:00;5.99;18.2;64.5;12.2;27.0;124.9;0;0;0;0;0;0;1;0;0;0;0;0
1/11/2025 9:00;5.71;0.4;52.4;25.7;18.0;249.4;0;0;0;0;1;0;0;0;1;0;0;1
1/11/2025 10:00;6.08;19.2;38.1;21.9;22.2;139.1;0;0;1;0;0;0;0;0;0;0;0;0
1/11/2025 11:00;6.39;12.8;74.4;74.0;23.9;137.0;0;0;0;0;0;0;0;1;0;0;0;0
1/11/2025 12:00;6.0;1.8;60.3;20.9;15.5;170.5;0;0;0;0;1;0;0;0;1;0;0;0
1/11/2025 13:00;5.99;30.1;60.9;22.1;80.3;132.2;0;0;0;0;0;1;0;0;0;1;0;0
1/11/2025 14:00;7.56;12.0;57.7;25.0;32.6;131.3;0;1;0;0;0;0;0;0;0;0;0;0
1/11/2025 15:00;5.13;19.3;91.6;23.4;74.0;164.7;1;0;0;1;0;0;0;0;0;1;0;0
1/11/2025 16:00;6.02;16.3;55.3;58.0;85.3;69.5;0;0;0;0;0;0;0;1;0;1;1;0
1/11/2025 17:00;5.11;13.2;57.2;24.8;27.8;116.9;1;0;0;0;0;0;0;0;0;0;0;0
1/11/2025 18:00;6.35;15.7;68.1;73.8;88.1;126.5;0;0;0;0;0;0;0;1;0;1;0;0
1/11/2025 19:00;7.22;17.2;53.9;27.6;17.3;92.3;0;1;0;0;0;0;0;0;1;0;1;0
1/11/2025 20:00;5.8;15.1;20.7;29.3;77.6;92.4;0;0;1;0;0;0;0;0;0;1;1;0
1/11/2025 21:00;4.9;0.3;79.0;10.2;21.2;142.4;1;0;0;0;1;0;1;0;0;0;0;0
1/11/2025 22:00;5.98;19.2;76.1;27.1;16.4;230.1;0;0;0;0;0;0;0;0;1;0;0;1
1/11/2025 23:00;6.48;15.6;62.2;17.4;36.6;144.2;0;0;0;0;0;0;1;0;0;0;0;0
2/11/2025 0:00;6.47;17.0;66.1;28.4;71.1;256.2;0;0;0;0;0;0;0;0;0;1;0;1
2/11/2025 1:00;6.4;18.1;58.7;24.0;9.5;118.5;0;0;0;0;0;0;0;0;1;0;0;0
2/11/2025 2:00;5.83;30.8;75.9;12.8;38.3;149.9;0;0;0;0;0;1;1;0;0;0;0;0
2/11/2025 3:00;5.1;9.0;65.7;22.0;28.9;168.1;1;0;0;0;1;0;0;0;0;0;0;0
2/11/2025 4:00;7.57;19.6;59.9;27.0;86.7;137.2;0;1;0;0;0;0;0;0;0;1;0;0
2/11/2025 5:00;7.38;3.3;84.7;64.6;20.2;156.0;0;1;0;1;1;0;0;1;0;0;0;0
2/11/2025 6:00;5.64;19.1;68.0;23.9;9.3;172.2;0;0;0;0;0;0;0;0;1;0;0;0
2/11/2025 7:00;5.82;15.4;34.6;27.1;16.5;109.1;0;0;1;0;0;0;0;0;1;0;0;0
2/11/2025 8:00;6.06;17.3;65.9;27.6;24.5;116.3;0;0;0;0;0;0;0;0;0;0;0;0
2/11/2025 9:00;5.98;2.0;75.1;61.8;38.5;63.7;0;0;0;0;1;0;0;1;0;0;1;0
2/11/2025 10:00;5.03;15.6;74.5;13.0;38.0;240.6;1;0;0;0;0;0;1;0;0;0;0;1
2/11/2025 11:00;5.58;17.3;74.9;28.4;30.5;145.4;0;0;0;0;0;0;0;0;0;0;0;0
2/11/2025 12:00;6.33;19.0;79.6;29.7;29.1;141.4;0;0;0;0;0;0;0;0;0;0;0;0
2/11/2025 13:00;7.25;12.6;72.3;11.1;38.5;116.9;0;1;0;0;0;0;1;0;0;0;0;0
2/11/2025 14:00;7.51;14.1;92.3;58.4;24.9;157.0;0;1;0;1;0;0;0;1;0;0;0;0
2/11/2025 15:00;6.25;4.5;67.7;65.4;76.2;49.8;0;0;0;0;1;0;0;1;0;1;1;0
2/11/2025 16:00;6.05;0.1;73.5;16.7;77.3;55.3;0;0;0;0;1;0;1;0;0;1;1;0
2/11/2025 17:00;6.48;16.2;62.0;26.1;22.3;157.9;0;0;0;0;0;0;0;0;0;0;0;0
2/11/2025 18:00;6.44;8.9;90.4;67.8;29.5;82.0;0;0;0;1;1;0;0;1;0;0;1;0
2/11/2025 19:00;6.27;26.3;78.7;21.9;23.5;142.1;0;0;0;0;0;1;0;0;0;0;0;0
2/11/2025 20:00;5.75;15.6;87.3;23.2;35.4;171.4;0;0;0;1;0;0;0;0;0;0;0;0
2/11/2025 21:00;6.18;32.5;72.5;27.6;14.4;125.5;0;0;0;0;0;1;0;0;1;0;0;0
2/11/2025 22:00;5.93;19.7;77.5;21.7;16.1;113.9;0;0;0;0;0;0;0;0;1;0;0;0
2/11/2025 23:00;7.19;1.6;73.8;64.9;33.6;104.3;0;1;0;0;1;0;0;1;0;0;0;0
3/11/2025 0:00;4.94;14.4;85.8;27.4;38.0;166.8;1;0;0;1;0;0;0;0;0;0;0;0
3/11/2025 1:00;5.75;16.0;96.6;10.1;17.8;162.7;0;0;0;1;0;0;1;0;1;0;0;0
3/11/2025 2:00;5.74;15.6;53.1;29.7;21.0;133.2;0;0;0;0;0;0;0;0;0;0;0;0
3/11/2025 3:00;7.49;15.6;35.3;20.2;10.9;112.9;0;1;1;0;0;0;0;0;1;0;0;0
3/11/2025 4:00;5.77;19.4;52.2;23.5;33.8;113.0;0;0;0;0;0;0;0;0;0;0;0;0
3/11/2025 5:00;6.15;18.6;52.0;28.4;36.6;127.3;0;0;0;0;0;0;0;0;0;0;0;0
3/11/2025 6:00;5.51;17.0;33.4;73.7;67.1;136.2;0;0;1;0;0;0;0;1;0;1;0;0
3/11/2025 7:00;5.95;16.7;70.8;26.9;37.0;138.4;0;0;0;0;0;0;0;0;0;0;0;0
3/11/2025 8:00;4.95;16.1;72.0;23.4;25.6;169.0;1;0;0;0;0;0;0;0;0;0;0;0
3/11/2025 9:00;6.31;3.0;26.6;20.1;35.1;248.9;0;0;1;0;1;0;0;0;0;0;0;1
3/11/2025 10:00;6.02;27.5;64.6;15.8;39.8;237.5;0;0;0;0;0;1;1;0;0;0;0;1
3/11/2025 11:00;5.76;28.7;68.2;15.5;22.9;144.9;0;0;0;0;0;1;1;0;0;0;0;0
3/11/2025 12:00;5.56;19.3;27.0;12.8;21.3;158.3;0;0;1;0;0;0;1;0;0;0;0;0
3/11/2025 13:00;6.17;26.2;38.1;71.5;30.3;265.4;0;0;1;0;0;1;0;1;0;0;0;1
3/11/2025 14:00;7.22;18.7;77.4;25.8;68.2;80.7;0;1;0;0;0;0;0;0;0;1;1;0
3/11/2025 15:00;6.03;14.2;65.9;26.4;14.8;159.0;0;0;0;0;0;0;0;0;1;0;0;0
3/11/2025 16:00;6.11;19.7;51.7;22.4;26.6;67.7;0;0;0;0;0;0;0;0;0;0;1;0
3/11/2025 17:00;5.69;15.3;76.1;70.3;28.3;103.7;0;0;0;0;0;0;0;1;0;0;0;0
3/11/2025 18:00;5.89;12.5;59.6;15.0;88.8;143.4;0;0;0;0;0;0;1;0;0;1;0;0
3/11/2025 19:00;6.01;7.1;53.9;73.2;74.5;156.7;0;0;0;0;1;0;0;1;0;1;0;0
3/11/2025 20:00;6.5;18.3;66.2;64.6;34.2;140.9;0;0;0;0;0;0;0;1;0;0;0;0
3/11/2025 21:00;6.12;30.2;93.4;24.3;26.1;139.5;0;0;0;1;0;1;0;0;0;0;0;0
3/11/2025 22:00;5.57;19.8;23.4;22.8;23.2;141.0;0;0;1;0;0;0;0;0;0;0;0;0
3/11/2025 23:00;7.23;14.5;52.4;26.8;17.9;263.0;0;1;0;0;0;0;0;0;1;0;0;1
4/11/2025 0:00;5.52;18.3;63.5;22.7;34.4;104.0;0;0;0;0;0;0;0;0;0;0;0;0
4/11/2025 1:00;6.46;16.3;35.9;27.4;29.2;156.7;0;0;1;0;0;0;0;0;0;0;0;0
4/11/2025 2:00;7.12;16.5;61.0;59.7;70.7;129.2;0;1;0;0;0;0;0;1;0;1;0;0
4/11/2025 3:00;6.31;3.6;79.8;22.6;67.0;84.6;0;0;0;0;1;0;0;0;0;1;1;0
4/11/2025 4:00;6.19;18.6;68.3;25.3;29.6;60.1;0;0;0;0;0;0;0;0;0;0;1;0
4/11/2025 5:00;5.8;30.2;77.1;25.8;39.0;150.0;0;0;0;0;0;1;0;0;0;0;0;0
4/11/2025 6:00;5.97;14.1;25.6;24.4;26.0;255.3;0;0;1;0;0;0;0;0;0;0;0;1
4/11/2025 7:00;4.86;8.4;63.3;23.4;24.3;125.9;1;0;0;0;1;0;0;0;0;0;0;0
4/11/2025 8:00;6.16;13.5;98.6;58.8;32.5;170.8;0;0;0;1;0;0;0;1;0;0;0;0
4/11/2025 9:00;5.56;-1.7;97.4;27.6;27.7;120.2;0;0;0;1;1;0;0;0;0;0;0;0
4/11/2025 10:00;6.47;13.4;50.4;24.9;88.1;90.6;0;0;0;0;0;0;0;0;0;1;1;0
4/11/2025 11:00;6.43;15.1;61.6;22.6;15.4;157.6;0;0;0;0;0;0;0;0;1;0;0;0
4/11/2025 12:00;5.95;19.2;62.6;63.9;34.1;160.1;0;0;0;0;0;0;0;1;0;0;0;0
4/11/2025 13:00;6.27;0.4;52.6;16.6;67.3;75.5;0;0;0;0;1;0;1;0;0;1;1;0
4/11/2025 14:00;5.53;17.3;62.0;27.1;82.6;113.6;0;0;0;0;0;0;0;0;0;1;0;0
4/11/2025 15:00;4.81;15.3;62.6;12.0;20.6;54.3;1;0;0;0;0;0;1;0;0;0;1;0
4/11/2025 16:00;5.91;19.2;52.7;26.1;77.5;149.4;0;0;0;0;0;0;0;0;0;1;0;0
4/11/2025 17:00;5.68;13.2;61.6;25.1;24.8;150.8;0;0;0;0;0;0;0;0;0;0;0;0
4/11/2025 18:00;4.97;7.6;61.0;22.2;30.1;88.0;1;0;0;0;1;0;0;0;0;0;1;0
4/11/2025 19:00;6.04;19.0;62.2;24.0;32.5;135.0;0;0;0;0;0;0;0;0;0;0;0;0
4/11/2025 20:00;4.6;5.5;73.3;22.2;30.9;151.6;1;0;0;0;1;0;0;0;0;0;0;0
4/11/2025 21:00;6.5;18.1;77.0;20.8;22.2;165.2;0;0;0;0;0;0;0;0;0;0;0;0
4/11/2025 22:00;6.46;30.5;68.3;70.7;14.4;131.8;0;0;0;0;0;1;0;1;1;0;0;0
4/11/2025 23:00;5.62;6.8;74.9;58.8;24.2;145.0;0;0;0;0;1;0;0;1;0;0;0;0
5/11/2025 0:00;6.11;29.6;24.1;13.4;16.4;133.6;0;0;1;0;0;1;1;0;1;0;0;0
5/11/2025 1:00;5.76;12.4;73.2;15.5;83.1;56.1;0;0;0;0;0;0;1;0;0;1;1;0
5/11/2025 2:00;4.59;12.6;56.5;60.4;21.2;166.7;1;0;0;0;0;0;0;1;0;0;0;0
5/11/2025 3:00;5.52;12.9;83.8;23.9;12.5;130.6;0;0;0;1;0;0;0;0;1;0;0;0
5/11/2025 4:00;5.82;4.6;54.6;24.3;37.6;136.0;0;0;0;0;1;0;0;0;0;0;0;0
5/11/2025 5:00;5.53;13.0;75.3;27.7;26.0;109.1;0;0;0;0;0;0;0;0;0;0;0;0
5/11/2025 6:00;5.3;8.8;20.3;61.0;65.2;174.0;1;0;1;0;1;0;0;1;0;1;0;0
5/11/2025 7:00;6.07;32.1;27.8;25.9;28.4;118.7;0;0;1;0;0;1;0;0;0;0;0;0
5/11/2025 8:00;7.04;2.2;86.4;24.8;37.0;104.8;0;1;0;1;1;0;0;0;0;0;0;0
5/11/2025 9:00;5.24;19.2;57.2;22.3;29.2;121.2;1;0;0;0;0;0;0;0;0;0;0;0
5/11/2025 10:00;6.28;29.9;59.2;22.3;31.4;55.6;0;0;0;0;0;1;0;0;0;0;1;0
5/11/2025 11:00;5.66;17.5;73.6;14.8;28.2;55.8;0;0;0;0;0;0;1;0;0;0;1;0
5/11/2025 12:00;6.48;15.1;74.3;29.2;23.9;155.1;0;0;0;0;0;0;0;0;0;0;0;0
5/11/2025 13:00;5.09;17.9;58.7;21.9;65.7;168.0;1;0;0;0;0;0;0;0;0;1;0;0
5/11/2025 14:00;5.78;30.7;73.2;23.3;30.8;175.8;0;0;0;0;0;1;0;0;0;0;0;0
5/11/2025 15:00;5.64;13.4;54.4;22.7;84.3;66.5;0;0;0;0;0;0;0;0;0;1;1;0
5/11/2025 16:00;6.23;19.1;58.9;21.4;80.7;161.3;0;0;0;0;0;0;0;0;0;1;0;0
5/11/2025 17:00;6.42;15.4;37.9;25.0;36.1;254.5;0;0;1;0;0;0;0;0;0;0;0;1
5/11/2025 18:00;6.02;13.6;54.8;27.8;36.3;252.7;0;0;0;0;0;0;0;0;0;0;0;1
5/11/2025 19:00;5.87;18.2;51.4;26.4;17.4;234.7;0;0;0;0;0;0;0;0;1;0;0;1
5/11/2025 20:00;6.5;6.9;88.3;57.6;36.4;64.9;0;0;0;1;1;0;0;1;0;0;1;0
5/11/2025 21:00;5.77;27.8;50.6;16.1;70.3;77.8;0;0;0;0;0;1;1;0;0;1;1;0
5/11/2025 22:00;6.25;18.3;88.8;28.7;24.3;121.8;0;0;0;1;0;0;0;0;0;0;0;0
5/11/2025 23:00;5.97;3.0;79.9;63.4;29.9;179.3;0;0;0;0;1;0;0;1;0;0;0;0
6/11/2025 0:00;5.51;16.5;59.7;23.3;31.9;109.8;0;0;0;0;0;0;0;0;0;0;0;0
6/11/2025 1:00;6.46;32.4;64.6;26.5;28.6;102.7;0;0;0;0;0;1;0;0;0;0;0;0
6/11/2025 2:00;5.72;30.3;52.9;27.2;30.1;109.6;0;0;0;0;0;1;0;0;0;0;0;0
6/11/2025 3:00;5.8;19.6;52.9;28.8;10.8;116.8;0;0;0;0;0;0;0;0;1;0;0;0
6/11/2025 4:00;6.39;16.1;93.3;17.4;35.4;157.2;0;0;0;1;0;0;1;0;0;0;0;0
6/11/2025 5:00;6.44;17.7;20.4;27.0;39.5;73.9;0;0;1;0;0;0;0;0;0;0;1;0
6/11/2025 6:00;5.97;13.9;91.7;29.6;39.6;175.0;0;0;0;1;0;0;0;0;0;0;0;0
6/11/2025 7:00;4.58;5.7;69.0;25.4;26.4;119.0;1;0;0;0;1;0;0;0;0;0;0;0
6/11/2025 8:00;5.93;14.7;69.9;27.2;13.6;246.1;0;0;0;0;0;0;0;0;1;0;0;1
6/11/2025 9:00;6.12;19.8;37.5;25.5;32.6;252.9;0;0;1;0;0;0;0;0;0;0;0;1
6/11/2025 10:00;5.85;19.1;63.5;16.2;20.5;244.3;0;0;0;0;0;0;1;0;0;0;0;1
6/11/2025 11:00;7.39;6.1;51.7;26.6;69.4;246.7;0;1;0;0;1;0;0;0;0;1;0;1
6/11/2025 12:00;6.45;13.9;56.6;24.4;28.0;111.2;0;0;0;0;0;0;0;0;0;0;0;0
6/11/2025 13:00;5.51;15.1;81.7;69.0;90.0;129.3;0;0;0;1;0;0;0;1;0;1;0;0
6/11/2025 14:00;5.09;32.7;70.0;27.0;24.2;148.7;1;0;0;0;0;1;0;0;0;0;0;0
6/11/2025 15:00;6.05;17.8;57.3;20.9;87.4;149.9;0;0;0;0;0;0;0;0;0;1;0;0
6/11/2025 16:00;6.01;13.6;61.8;25.5;38.8;70.8;0;0;0;0;0;0;0;0;0;0;1;0
6/11/2025 17:00;7.19;19.3;89.4;27.0;26.9;154.7;0;1;0;1;0;0;0;0;0;0;0;0
6/11/2025 18:00;5.54;30.5;54.2;20.6;20.2;127.0;0;0;0;0;0;1;0;0;0;0;0;0
6/11/2025 19:00;5.64;14.1;95.6;59.2;31.5;111.6;0;0;0;1;0;0;0;1;0;0;0;0
6/11/2025 20:00;5.71;12.8;70.0;25.6;38.2;126.5;0;0;0;0;0;0;0;0;0;0;0;0
6/11/2025 21:00;6.33;31.5;36.4;28.1;33.4;106.8;0;0;1;0;0;1;0;0;0;0;0;0
6/11/2025 22:00;5.54;15.3;71.1;22.7;33.1;154.6;0;0;0;0;0;0;0;0;0;0;0;0
6/11/2025 23:00;5.65;19.8;87.2;11.8;31.0;158.7;0;0;0;1;0;0;1;0;0;0;0;0
7/11/2025 0:00;6.3;19.0;52.9;73.3;25.9;77.5;0;0;0;0;0;0;0;1;0;0;1;0
7/11/2025 1:00;7.34;29.3;79.4;14.2;73.7;105.6;0;1;0;0;0;1;1;0;0;1;0;0
7/11/2025 2:00;5.77;15.8;68.4;27.2;25.3;112.2;0;0;0;0;0;0;0;0;0;0;0;0
7/11/2025 3:00;5.76;17.2;27.2;14.6;86.8;119.6;0;0;1;0;0;0;1;0;0;1;0;0
7/11/2025 4:00;6.25;18.5;58.3;25.5;67.8;136.9;0;0;0;0;0;0;0;0;0;1;0;0
7/11/2025 5:00;6.04;14.3;58.3;25.1;23.7;137.5;0;0;0;0;0;0;0;0;0;0;0;0
7/11/2025 6:00;6.21;16.9;25.2;20.6;26.7;136.0;0;0;1;0;0;0;0;0;0;0;0;0
7/11/2025 7:00;5.86;17.9;64.4;63.6;29.5;253.3;0;0;0;0;0;0;0;1;0;0;0;1
7/11/2025 8:00;5.92;29.4;71.8;29.9;26.0;121.9;0;0;0;0;0;1;0;0;0;0;0;0
7/11/2025 9:00;6.32;18.6;69.8;25.3;23.2;148.1;0;0;0;0;0;0;0;0;0;0;0;0
7/11/2025 10:00;6.18;6.9;67.5;23.6;38.0;168.5;0;0;0;0;1;0;0;0;0;0;0;0
7/11/2025 11:00;6.36;15.8;62.8;11.3;23.6;179.1;0;0;0;0;0;0;1;0;0;0;0;0
7/11/2025 12:00;4.57;7.0;57.1;25.8;85.7;140.7;1;0;0;0;1;0;0;0;0;1;0;0
7/11/2025 13:00;7.17;27.2;83.7;23.1;32.5;164.6;0;1;0;1;0;1;0;0;0;0;0;0
7/11/2025 14:00;5.75;15.6;70.2;23.1;25.9;64.3;0;0;0;0;0;0;0;0;0;0;1;0
7/11/2025 15:00;5.08;14.3;64.7;21.3;38.5;148.4;1;0;0;0;0;0;0;0;0;0;0;0
7/11/2025 16:00;5.03;14.9;59.7;20.6;27.9;113.7;1;0;0;0;0;0;0;0;0;0;0;0
7/11/2025 17:00;6.19;8.4;25.7;60.5;15.8;154.3;0;0;1;0;1;0;0;1;1;0;0;0
7/11/2025 18:00;4.5;17.2;50.2;26.3;86.8;168.7;1;0;0;0;0;0;0;0;0;1;0;0
7/11/2025 19:00;7.11;13.9;95.3;24.7;29.2;145.6;0;1;0;1;0;0;0;0;0;0;0;0
7/11/2025 20:00;7.17;12.4;62.0;24.7;30.2;269.9;0;1;0;0;0;0;0;0;0;0;0;1
7/11/2025 21:00;5.79;0.1;99.3;26.5;39.6;40.6;0;0;0;1;1;0;0;0;0;0;1;0
7/11/2025 22:00;6.49;18.9;27.5;29.6;37.7;267.0;0;0;1;0;0;0;0;0;0;0;0;1
7/11/2025 23:00;5.68;30.0;73.0;15.2;20.5;135.1;0;0;0;0;0;1;1;0;0;0;0;0
8/11/2025 0:00;5.75;12.9;99.4;25.5;79.5;101.0;0;0;0;1;0;0;0;0;0;1;0;0
8/11/2025 1:00;5.74;32.0;63.5;23.9;21.3;234.1;0;0;0;0;0;1;0;0;0;0;0;1
8/11/2025 2:00;5.64;28.6;74.0;22.1;35.3;57.9;0;0;0;0;0;1;0;0;0;0;1;0
8/11/2025 3:00;6.4;14.7;73.7;22.0;32.4;144.4;0;0;0;0;0;0;0;0;0;0;0;0
8/11/2025 4:00;5.98;16.1;56.2;25.1;34.6;179.7;0;0;0;0;0;0;0;0;0;0;0;0
8/11/2025 5:00;6.46;19.7;97.6;21.0;70.1;71.8;0;0;0;1;0;0;0;0;0;1;1;0
8/11/2025 6:00;4.97;30.0;70.5;20.7;80.9;100.8;1;0;0;0;0;1;0;0;0;1;0;0
8/11/2025 7:00;6.33;18.4;63.7;10.2;36.7;267.7;0;0;0;0;0;0;1;0;0;0;0;1
8/11/2025 8:00;5.27;12.8;23.8;21.3;14.1;129.0;1;0;1;0;0;0;0;0;1;0;0;0
8/11/2025 9:00;6.32;18.6;61.2;24.1;25.3;179.8;0;0;0;0;0;0;0;0;0;0;0;0
8/11/2025 10:00;5.89;13.8;73.4;22.3;70.6;159.3;0;0;0;0;0;0;0;0;0;1;0;0
8/11/2025 11:00;4.69;1.0;55.9;64.4;89.7;161.6;1;0;0;0;1;0;0;1;0;1;0;0
8/11/2025 12:00;5.65;29.0;89.1;25.0;32.3;236.5;0;0;0;1;0;1;0;0;0;0;0;1
8/11/2025 13:00;5.59;8.9;94.9;15.1;33.1;152.1;0;0;0;1;1;0;1;0;0;0;0;0
8/11/2025 14:00;7.4;18.2;77.3;28.5;38.6;83.8;0;1;0;0;0;0;0;0;0;0;1;0
8/11/2025 15:00;7.18;30.1;71.2;20.2;21.4;100.7;0;1;0;0;0;1;0;0;0;0;0;0
8/11/2025 16:00;6.31;27.0;29.0;25.3;67.5;147.8;0;0;1;0;0;1;0;0;0;1;0;0
8/11/2025 17:00;6.29;17.3;96.4;57.4;36.8;102.4;0;0;0;1;0;0;0;1;0;0;0;0
8/11/2025 18:00;5.99;4.2;27.1;64.0;35.2;250.2;0;0;1;0;1;0;0;1;0;0;0;1
8/11/2025 19:00;5.91;13.6;77.1;25.3;17.6;141.8;0;0;0;0;0;0;0;0;1;0;0;0
8/11/2025 20:00;5.23;30.7;73.4;20.8;27.1;126.0;1;0;0;0;0;1;0;0;0;0;0;0
8/11/2025 21:00;5.75;14.1;59.0;61.7;24.9;118.5;0;0;0;0;0;0;0;1;0;0;0;0
8/11/2025 22:00;7.59;16.8;75.1;28.7;17.8;129.0;0;1;0;0;0;0;0;0;1;0;0;0
8/11/2025 23:00;7.57;18.3;95.6;17.5;25.0;94.9;0;1;0;1;0;0;1;0;0;0;1;0
9/11/2025 0:00;5.7;15.4;56.3;25.1;10.5;127.9;0;0;0;0;0;0;0;0;1;0;0;0
9/11/2025 1:00;5.58;26.4;76.8;24.3;30.9;124.5;0;0;0;0;0;1;0;0;0;0;0;0
9/11/2025 2:00;6.35;12.7;60.0;24.2;32.0;152.5;0;0;0;0;0;0;0;0;0;0;0;0
9/11/2025 3:00;5.86;16.7;78.3;29.3;21.0;175.5;0;0;0;0;0;0;0;0;0;0;0;0
9/11/2025 4:00;7.51;14.4;52.4;27.8;20.9;118.7;0;1;0;0;0;0;0;0;0;0;0;0
9/11/2025 5:00;4.72;15.2;62.4;26.4;34.0;113.9;1;0;0;0;0;0;0;0;0;0;0;0
9/11/2025 6:00;5.65;5.8;65.5;26.1;14.0;153.4;0;0;0;0;1;0;0;0;1;0;0;0
9/11/2025 7:00;6.13;14.9;65.3;11.4;35.3;143.9;0;0;0;0;0;0;1;0;0;0;0;0
9/11/2025 8:00;6.36;17.0;65.4;29.5;34.1;109.7;0;0;0;0;0;0;0;0;0;0;0;0
9/11/2025 9:00;5.22;18.2;87.8;20.1;12.3;161.2;1;0;0;1;0;0;0;0;1;0;0;0
9/11/2025 10:00;6.12;28.3;53.8;27.3;36.9;177.7;0;0;0;0;0;1;0;0;0;0;0;0
9/11/2025 11:00;6.14;19.7;61.9;57.5;16.8;151.2;0;0;0;0;0;0;0;1;1;0;0;0
9/11/2025 12:00;5.56;33.0;56.8;24.9;12.6;107.1;0;0;0;0;0;1;0;0;1;0;0;0
9/11/2025 13:00;6.15;27.7;56.1;28.6;27.3;50.9;0;0;0;0;0;1;0;0;0;0;1;0
9/11/2025 14:00;6.32;32.8;35.7;23.0;26.2;101.3;0;0;1;0;0;1;0;0;0;0;0;0
9/11/2025 15:00;5.79;16.1;52.8;21.1;25.8;175.5;0;0;0;0;0;0;0;0;0;0;0;0
9/11/2025 16:00;5.97;15.4;64.0;14.5;22.5;178.2;0;0;0;0;0;0;1;0;0;0;0;0
9/11/2025 17:00;5.19;18.2;79.5;71.1;33.4;107.8;1;0;0;0;0;0;0;1;0;0;0;0
9/11/2025 18:00;4.6;12.8;76.4;23.8;67.6;141.9;1;0;0;0;0;0;0;0;0;1;0;0
9/11/2025 19:00;6.18;16.4;74.0;24.6;34.0;156.9;0;0;0;0;0;0;0;0;0;0;0;0
9/11/2025 20:00;7.25;15.4;67.2;10.4;80.4;252.9;0;1;0;0;0;0;1;0;0;1;0;1
9/11/2025 21:00;5.87;1.7;85.6;64.1;23.5;47.2;0;0;0;1;1;0;0;1;0;0;1;0
9/11/2025 22:00;6.38;8.0;33.7;29.4;15.0;148.6;0;0;1;0;1;0;0;0;1;0;0;0
9/11/2025 23:00;4.86;18.4;51.0;73.9;35.2;149.3;1;0;0;0;0;0;0;1;0;0;0;0
10/11/2025 0:00;5.3;16.4;79.3;26.8;31.3;104.2;1;0;0;0;0;0;0;0;0;0;0;0
10/11/2025 1:00;6.37;13.9;22.7;17.0;72.6;151.1;0;0;1;0;0;0;1;0;0;1;0;0
10/11/2025 2:00;5.96;18.7;53.6;25.8;35.8;256.6;0;0;0;0;0;0;0;0;0;0;0;1
10/11/2025 3:00;7.22;12.2;62.0;21.9;71.7;254.5;0;1;0;0;0;0;0;0;0;1;0;1
10/11/2025 4:00;7.37;17.9;56.3;29.9;25.3;117.2;0;1;0;0;0;0;0;0;0;0;0;0
10/11/2025 5:00;5.92;15.6;69.0;13.0;34.5;139.8;0;0;0;0;0;0;1;0;0;0;0;0
10/11/2025 6:00;4.78;17.5;80.0;23.3;75.0;126.8;1;0;0;0;0;0;0;0;0;1;0;0
10/11/2025 7:00;5.9;19.1;61.7;58.9;32.0;48.4;0;0;0;0;0;0;0;1;0;0;1;0
10/11/2025 8:00;6.28;17.6;50.2;55.4;29.7;125.2;0;0;0;0;0;0;0;1;0;0;0;0
10/11/2025 9:00;6.32;13.7;79.3;23.4;15.5;64.9;0;0;0;0;0;0;0;0;1;0;1;0
10/11/2025 10:00;5.75;20.0;61.7;14.1;13.2;108.9;0;0;0;0;0;0;1;0;1;0;0;0
10/11/2025 11:00;7.33;4.5;93.0;28.8;12.4;258.7;0;1;0;1;1;0;0;0;1;0;0;1
10/11/2025 12:00;7.43;18.8;78.7;66.7;21.8;125.2;0;1;0;0;0;0;0;1;0;0;0;0
10/11/2025 13:00;5.88;3.9;29.4;26.9;81.5;132.6;0;0;1;0;1;0;0;0;0;1;0;0
10/11/2025 14:00;5.56;16.8;95.9;21.2;17.5;131.9;0;0;0;1;0;0;0;0;1;0;0;0
10/11/2025 15:00;5.24;18.4;60.9;27.1;20.4;126.6;1;0;0;0;0;0;0;0;0;0;0;0
10/11/2025 16:00;5.73;14.2;94.2;20.8;27.4;109.0;0;0;0;1;0;0;0;0;0;0;0;0
10/11/2025 17:00;5.77;12.1;63.3;61.8;21.0;75.8;0;0;0;0;0;0;0;1;0;0;1;0
10/11/2025 18:00;7.35;0.7;33.9;22.6;37.6;152.6;0;1;1;0;1;0;0;0;0;0;0;0
10/11/2025 19:00;6.2;34.0;28.0;21.2;9.7;145.1;0;0;1;0;0;1;0;0;1;0;0;0
10/11/2025 20:00;6.16;17.5;93.9;63.3;32.4;119.6;0;0;0;1;0;0;0;1;0;0;0;0
10/11/2025 21:00;5.11;1.8;60.1;25.0;20.4;172.9;1;0;0;0;1;0;0;0;0;0;0;0
10/11/2025 22:00;6.12;19.3;77.1;27.6;22.3;144.1;0;0;0;0;0;0;0;0;0;0;0;0
10/11/2025 23:00;6.42;17.1;70.2;28.8;38.7;167.4;0;0;0;0;0;0;0;0;0;0;0;0
11/11/2025 0:00;7.5;14.2;28.8;22.7;28.6;82.9;0;1;1;0;0;0;0;0;0;0;1;0
11/11/2025 1:00;5.29;27.7;34.9;67.2;78.6;120.7;1;0;1;0;0;1;0;1;0;1;0;0
11/11/2025 2:00;4.95;15.7;77.1;29.9;22.7;174.6;1;0;0;0;0;0;0;0;0;0;0;0
11/11/2025 3:00;5.96;16.5;59.3;20.1;66.9;77.7;0;0;0;0;0;0;0;0;0;1;1;0
11/11/2025 4:00;5.29;13.6;58.6;20.3;17.9;144.2;1;0;0;0;0;0;0;0;1;0;0;0
11/11/2025 5:00;7.14;15.1;57.2;26.4;24.6;138.2;0;1;0;0;0;0;0;0;0;0;0;0
11/11/2025 6:00;6.35;6.7;52.8;24.4;21.8;114.7;0;0;0;0;1;0;0;0;0;0;0;0
11/11/2025 7:00;7.47;17.7;64.0;27.5;74.1;160.8;0;1;0;0;0;0;0;0;0;1;0;0
11/11/2025 8:00;7.22;15.1;79.0;28.8;22.8;141.4;0;1;0;0;0;0;0;0;0;0;0;0
11/11/2025 9:00;4.73;19.9;26.3;10.5;70.0;176.4;1;0;1;0;0;0;1;0;0;1;0;0
11/11/2025 10:00;6.27;17.9;57.6;26.0;20.1;136.6;0;0;0;0;0;0;0;0;0;0;0;0
11/11/2025 11:00;7.35;13.8;88.3;29.6;34.1;61.0;0;1;0;1;0;0;0;0;0;0;1;0
11/11/2025 12:00;4.88;26.4;64.5;10.2;29.7;151.7;1;0;0;0;0;1;1;0;0;0;0;0
11/11/2025 13:00;5.72;16.4;64.8;20.7;32.3;124.9;0;0;0;0;0;0;0;0;0;0;0;0
11/11/2025 14:00;6.31;14.4;59.7;28.8;23.5;108.1;0;0;0;0;0;0;0;0;0;0;0;0
11/11/2025 15:00;5.82;15.7;89.4;13.2;13.4;253.8;0;0;0;1;0;0;1;0;1;0;0;1
11/11/2025 16:00;5.64;12.1;52.8;28.5;23.2;53.6;0;0;0;0;0;0;0;0;0;0;1;0
11/11/2025 17:00;6.0;19.6;87.7;24.0;32.5;126.5;0;0;0;1;0;0;0;0;0;0;0;0
11/11/2025 18:00;6.02;15.8;57.3;29.4;8.6;175.2;0;0;0;0;0;0;0;0;1;0;0;0
11/11/2025 19:00;5.98;15.3;33.3;23.0;36.7;154.5;0;0;1;0;0;0;0;0;0;0;0;0
11/11/2025 20:00;6.04;12.9;70.4;29.6;22.0;261.5;0;0;0;0;0;0;0;0;0;0;0;1
11/11/2025 21:00;5.88;26.0;52.7;24.6;15.9;81.5;0;0;0;0;0;1;0;0;1;0;1;0
11/11/2025 22:00;5.61;12.7;32.0;71.6;8.1;140.6;0;0;1;0;0;0;0;1;1;0;0;0
11/11/2025 23:00;6.37;6.5;25.0;29.2;22.8;246.6;0;0;1;0;1;0;0;0;0;0;0;1
12/11/2025 0:00;7.31;0.6;79.2;25.9;21.8;86.3;0;1;0;0;1;0;0;0;0;0;1;0
12/11/2025 1:00;5.69;12.2;97.5;22.7;27.8;139.6;0;0;0;1;0;0;0;0;0;0;0;0
12/11/2025 2:00;5.56;13.5;65.0;26.3;28.7;175.0;0;0;0;0;0;0;0;0;0;0;0;0
12/11/2025 3:00;5.51;26.2;23.2;74.7;72.8;47.7;0;0;1;0;0;1;0;1;0;1;1;0
12/11/2025 4:00;7.37;6.1;38.4;23.2;38.2;48.0;0;1;1;0;1;0;0;0;0;0;1;0
12/11/2025 5:00;5.71;5.8;77.2;25.6;86.0;127.8;0;0;0;0;1;0;0;0;0;1;0;0
12/11/2025 6:00;5.67;0.8;24.9;57.7;10.7;106.2;0;0;1;0;1;0;0;1;1;0;0;0
12/11/2025 7:00;5.28;16.2;74.5;21.6;24.8;175.2;1;0;0;0;0;0;0;0;0;0;0;0
12/11/2025 8:00;6.41;17.2;38.5;17.0;36.6;105.9;0;0;1;0;0;0;1;0;0;0;0;0
12/11/2025 9:00;7.35;12.3;73.6;11.6;74.0;146.0;0;1;0;0;0;0;1;0;0;1;0;0
12/11/2025 10:00;5.8;17.8;62.0;22.9;36.3;110.2;0;0;0;0;0;0;0;0;0;0;0;0
12/11/2025 11:00;5.86;19.8;59.9;20.9;36.6;91.4;0;0;0;0;0;0;0;0;0;0;1;0
12/11/2025 12:00;5.17;13.1;64.0;25.1;35.3;137.0;1;0;0;0;0;0;0;0;0;0;0;0
12/11/2025 13:00;5.78;30.7;28.9;26.7;27.7;127.6;0;0;1;0;0;1;0;0;0;0;0;0
12/11/2025 14:00;4.61;18.3;90.4;23.7;28.1;133.1;1;0;0;1;0;0;0;0;0;0;0;0
12/11/2025 15:00;6.08;13.4;56.0;26.8;12.7;130.0;0;0;0;0;0;0;0;0;1;0;0;0
12/11/2025 16:00;5.88;29.9;28.9;26.6;69.6;152.5;0;0;1;0;0;1;0;0;0;1;0;0
12/11/2025 17:00;6.49;17.4;74.6;25.7;23.3;109.5;0;0;0;0;0;0;0;0;0;0;0;0
12/11/2025 18:00;5.91;12.8;52.9;29.2;31.9;94.9;0;0;0;0;0;0;0;0;0;0;1;0
12/11/2025 19:00;6.26;14.4;77.8;21.1;20.0;134.6;0;0;0;0;0;0;0;0;0;0;0;0
12/11/2025 20:00;7.14;3.8;62.0;11.0;25.4;166.4;0;1;0;0;1;0;1;0;0;0;0;0
12/11/2025 21:00;5.51;33.6;24.8;25.8;25.2;59.2;0;0;1;0;0;1;0;0;0;0;1;0
12/11/2025 22:00;5.57;12.7;55.0;29.0;36.2;158.6;0;0;0;0;0;0;0;0;0;0;0;0
12/11/2025 23:00;7.53;17.6;50.9;27.8;67.2;109.6;0;1;0;0;0;0;0;0;0;1;0;0
13/11/2025 0:00;6.02;16.3;55.2;57.2;35.2;154.2;0;0;0;0;0;0;0;1;0;0;0;0
13/11/2025 1:00;5.74;19.6;54.9;22.7;36.9;143.3;0;0;0;0;0;0;0;0;0;0;0;0
13/11/2025 2:00;5.58;12.5;58.2;21.0;38.7;80.6;0;0;0;0;0;0;0;0;0;0;1;0
13/11/2025 3:00;5.71;18.8;56.5;26.8;22.4;152.5;0;0;0;0;0;0;0;0;0;0;0;0
13/11/2025 4:00;4.91;16.3;98.4;29.0;36.1;80.2;1;0;0;1;0;0;0;0;0;0;1;0
13/11/2025 5:00;5.51;31.7;26.4;16.8;34.6;52.6;0;0;1;0;0;1;1;0;0;0;1;0
13/11/2025 6:00;5.94;19.2;61.5;21.0;20.9;151.4;0;0;0;0;0;0;0;0;0;0;0;0
13/11/2025 7:00;5.83;15.3;69.8;21.5;27.8;162.8;0;0;0;0;0;0;0;0;0;0;0;0
13/11/2025 8:00;6.27;2.9;62.8;12.9;21.1;256.9;0;0;0;0;1;0;1;0;0;0;0;1
13/11/2025 9:00;5.87;15.8;59.0;22.9;28.7;58.6;0;0;0;0;0;0;0;0;0;0;1;0
13/11/2025 10:00;5.57;33.0;89.4;62.4;87.8;138.4;0;0;0;1;0;1;0;1;0;1;0;0
13/11/2025 11:00;6.02;26.0;73.6;17.4;16.5;61.7;0;0;0;0;0;1;1;0;1;0;1;0
13/11/2025 12:00;5.69;15.4;86.8;16.6;20.5;100.6;0;0;0;1;0;0;1;0;0;0;0;0
13/11/2025 13:00;5.11;17.0;68.0;20.2;22.5;171.1;1;0;0;0;0;0;0;0;0;0;0;0
13/11/2025 14:00;4.96;19.5;85.3;26.2;11.2;259.2;1;0;0;1;0;0;0;0;1;0;0;1
13/11/2025 15:00;6.18;30.8;92.9;26.1;27.2;252.4;0;0;0;1;0;1;0;0;0;0;0;1
13/11/2025 16:00;5.61;30.3;63.8;13.2;26.1;47.0;0;0;0;0;0;1;1;0;0;0;1;0
13/11/2025 17:00;5.3;-1.7;58.5;28.9;11.2;163.4;1;0;0;0;1;0;0;0;1;0;0;0
13/11/2025 18:00;7.29;0.4;56.9;25.7;87.5;116.8;0;1;0;0;1;0;0;0;0;1;0;0
13/11/2025 19:00;6.2;16.2;30.6;63.4;38.7;134.3;0;0;1;0;0;0;0;1;0;0;0;0
13/11/2025 20:00;5.78;16.4;78.7;27.0;34.0;51.7;0;0;0;0;0;0;0;0;0;0;1;0
13/11/2025 21:00;5.68;2.1;65.3;61.9;39.4;260.1;0;0;0;0;1;0;0;1;0;0;0;1
13/11/2025 22:00;5.94;7.1;53.5;30.0;24.6;129.7;0;0;0;0;1;0;0;0;0;0;0;0
13/11/2025 23:00;5.8;14.5;36.9;62.3;32.2;121.1;0;0;1;0;0;0;0;1;0;0;0;0
14/11/2025 0:00;5.52;17.6;58.7;16.1;25.4;153.3;0;0;0;0;0;0;1;0;0;0;0;0
14/11/2025 1:00;6.17;17.4;72.8;14.4;8.1;160.9;0;0;0;0;0;0;1;0;1;0;0;0
14/11/2025 2:00;5.56;-0.9;70.4;27.3;21.0;81.3;0;0;0;0;1;0;0;0;0;0;1;0
14/11/2025 3:00;6.03;12.7;71.1;22.1;24.7;162.3;0;0;0;0;0;0;0;0;0;0;0;0
14/11/2025 4:00;5.84;16.6;52.3;23.4;75.9;100.2;0;0;0;0;0;0;0;0;0;1;0;0
14/11/2025 5:00;7.23;27.4;61.6;28.9;29.3;117.3;0;1;0;0;0;1;0;0;0;0;0;0
14/11/2025 6:00;4.88;12.0;63.0;26.1;23.2;127.5;1;0;0;0;0;0;0;0;0;0;0;0
14/11/2025 7:00;4.68;7.5;54.2;15.6;28.3;155.5;1;0;0;0;1;0;1;0;0;0;0;0
14/11/2025 8:00;5.89;33.8;62.4;20.5;26.0;131.3;0;0;0;0;0;1;0;0;0;0;0;0
14/11/2025 9:00;4.95;17.7;74.1;27.3;23.9;145.6;1;0;0;0;0;0;0;0;0;0;0;0
14/11/2025 10:00;6.42;13.2;55.5;21.8;23.9;69.5;0;0;0;0;0;0;0;0;0;0;1;0
14/11/2025 11:00;6.33;14.0;55.9;22.7;10.9;47.9;0;0;0;0;0;0;0;0;1;0;1;0
14/11/2025 12:00;6.26;15.6;81.2;23.1;36.4;231.4;0;0;0;1;0;0;0;0;0;0;0;1
14/11/2025 13:00;5.87;14.7;29.5;11.1;36.7;73.9;0;0;1;0;0;0;1;0;0;0;1;0
14/11/2025 14:00;4.79;16.0;74.0;12.7;35.5;133.3;1;0;0;0;0;0;1;0;0;0;0;0
14/11/2025 15:00;5.76;0.3;72.7;62.0;36.1;139.1;0;0;0;0;1;0;0;1;0;0;0;0
14/11/2025 16:00;4.9;16.2;32.6;28.5;8.1;156.4;1;0;1;0;0;0;0;0;1;0;0;0
14/11/2025 17:00;6.45;18.3;68.4;66.9;28.8;81.2;0;0;0;0;0;0;0;1;0;0;1;0
14/11/2025 18:00;5.81;3.3;91.6;20.8;12.2;146.6;0;0;0;1;1;0;0;0;1;0;0;0
14/11/2025 19:00;5.13;13.1;25.3;28.7;31.4;40.5;1;0;1;0;0;0;0;0;0;0;1;0
14/11/2025 20:00;6.12;32.2;51.0;29.0;30.7;157.1;0;0;0;0;0;1;0;0;0;0;0;0
14/11/2025 21:00;4.94;15.1;56.1;65.3;25.4;120.2;1;0;0;0;0;0;0;1;0;0;0;0
14/11/2025 22:00;6.35;27.4;76.1;28.8;33.4;128.5;0;0;0;0;0;1;0;0;0;0;0;0
14/11/2025 23:00;6.37;31.1;51.7;21.9;37.1;115.1;0;0;0;0;0;1;0;0;0;0;0;0
15/11/2025 0:00;5.08;19.2;67.0;28.4;13.3;169.0;1;0;0;0;0;0;0;0;1;0;0;0
15/11/2025 1:00;4.76;16.9;63.3;27.8;22.8;146.7;1;0;0;0;0;0;0;0;0;0;0;0
15/11/2025 2:00;4.82;16.9;82.5;27.3;27.2;164.9;1;0;0;1;0;0;0;0;0;0;0;0
15/11/2025 3:00;5.72;26.7;94.9;20.9;30.0;77.3;0;0;0;1;0;1;0;0;0;0;1;0
15/11/2025 4:00;6.24;27.1;50.9;11.3;24.4;104.2;0;0;0;0;0;1;1;0;0;0;0;0
15/11/2025 5:00;5.02;13.8;85.3;23.9;17.5;108.8;1;0;0;1;0;0;0;0;1;0;0;0
15/11/2025 6:00;7.33;19.1;66.1;26.4;25.3;171.9;0;1;0;0;0;0;0;0;0;0;0;0
15/11/2025 7:00;6.45;13.9;51.8;59.0;75.8;151.6;0;0;0;0;0;0;0;1;0;1;0;0
15/11/2025 8:00;6.21;30.8;88.0;14.8;20.6;179.1;0;0;0;1;0;1;1;0;0;0;0;0
15/11/2025 9:00;6.14;2.9;37.2;25.1;32.0;138.5;0;0;1;0;1;0;0;0;0;0;0;0
15/11/2025 10:00;5.57;1.1;84.5;24.3;24.7;68.9;0;0;0;1;1;0;0;0;0;0;1;0
15/11/2025 11:00;6.0;16.0;64.5;20.9;31.6;57.1;0;0;0;0;0;0;0;0;0;0;1;0
15/11/2025 12:00;5.85;13.4;51.7;28.5;17.0;117.9;0;0;0;0;0;0;0;0;1;0;0;0
15/11/2025 13:00;6.15;18.8;74.2;71.0;27.3;152.3;0;0;0;0;0;0;0;1;0;0;0;0
15/11/2025 14:00;4.58;17.1;99.3;20.2;8.3;111.3;1;0;0;1;0;0;0;0;1;0;0;0
15/11/2025 15:00;6.0;19.1;25.5;26.5;17.1;117.2;0;0;1;0;0;0;0;0;1;0;0;0
15/11/2025 16:00;6.43;13.4;87.4;29.7;27.2;84.0;0;0;0;1;0;0;0;0;0;0;1;0
15/11/2025 17:00;6.17;17.5;59.9;30.0;87.7;172.4;0;0;0;0;0;0;0;0;0;1;0;0
15/11/2025 18:00;5.51;13.5;72.8;29.7;26.6;154.6;0;0;0;0;0;0;0;0;0;0;0;0
15/11/2025 19:00;5.83;18.5;76.1;26.5;21.8;116.3;0;0;0;0;0;0;0;0;0;0;0;0
15/11/2025 20:00;6.02;16.3;69.3;59.6;32.7;156.4;0;0;0;0;0;0;0;1;0;0;0;0
15/11/2025 21:00;6.29;32.5;74.2;20.2;20.8;107.7;0;0;0;0;0;1;0;0;0;0;0;0
15/11/2025 22:00;5.84;0.6;67.5;29.3;71.7;137.4;0;0;0;0;1;0;0;0;0;1;0;0
15/11/2025 23:00;6.02;19.9;89.1;21.9;24.5;177.9;0;0;0;1;0;0;0;0;0;0;0;0
16/11/2025 0:00;5.98;13.3;50.8;75.0;28.9;158.1;0;0;0;0;0;0;0;1;0;0;0;0
16/11/2025 1:00;4.6;15.9;72.5;22.9;34.0;60.0;1;0;0;0;0;0;0;0;0;0;1;0
16/11/2025 2:00;6.07;3.9;65.3;26.5;29.7;246.3;0;0;0;0;1;0;0;0;0;0;0;1
16/11/2025 3:00;4.84;13.1;51.6;21.7;12.5;56.8;1;0;0;0;0;0;0;0;1;0;1;0
16/11/2025 4:00;6.06;29.6;66.2;20.5;22.7;101.4;0;0;0;0;0;1;0;0;0;0;0;0
16/11/2025 5:00;5.6;12.1;69.9;16.0;20.6;143.0;0;0;0;0;0;0;1;0;0;0;0;0
16/11/2025 6:00;5.55;15.3;51.0;65.9;70.9;138.7;0;0;0;0;0;0;0;1;0;1;0;0
16/11/2025 7:00;6.21;16.1;61.9;13.5;32.6;147.8;0;0;0;0;0;0;1;0;0;0;0;0
16/11/2025 8:00;6.24;-1.4;54.0;21.8;31.5;101.5;0;0;0;0;1;0;0;0;0;0;0;0
16/11/2025 9:00;5.93;19.5;59.1;67.9;17.2;91.5;0;0;0;0;0;0;0;1;1;0;1;0
16/11/2025 10:00;5.63;33.1;22.2;28.5;22.8;240.3;0;0;1;0;0;1;0;0;0;0;0;1
16/11/2025 11:00;6.39;15.2;26.5;62.3;28.4;151.1;0;0;1;0;0;0;0;1;0;0;0;0
16/11/2025 12:00;7.55;18.5;66.8;70.1;14.4;103.1;0;1;0;0;0;0;0;1;1;0;0;0
16/11/2025 13:00;5.73;13.4;58.1;14.8;29.3;119.9;0;0;0;0;0;0;1;0;0;0;0;0
16/11/2025 14:00;4.65;17.2;79.2;23.8;29.9;152.7;1;0;0;0;0;0;0;0;0;0;0;0
16/11/2025 15:00;6.32;18.1;71.9;24.6;69.6;101.1;0;0;0;0;0;0;0;0;0;1;0;0
16/11/2025 16:00;5.69;16.4;30.6;28.1;23.3;127.3;0;0;1;0;0;0;0;0;0;0;0;0
16/11/2025 17:00;6.42;12.7;55.4;13.0;22.4;78.8;0;0;0;0;0;0;1;0;0;0;1;0
16/11/2025 18:00;7.02;33.1;69.1;21.4;26.8;131.6;0;1;0;0;0;1;0;0;0;0;0;0
16/11/2025 19:00;5.6;20.0;94.6;22.3;75.8;115.4;0;0;0;1;0;0;0;0;0;1;0;0
16/11/2025 20:00;7.39;17.1;58.0;25.0;77.3;159.4;0;1;0;0;0;0;0;0;0;1;0;0
16/11/2025 21:00;6.47;13.7;63.5;69.8;23.2;114.1;0;0;0;0;0;0;0;1;0;0;0;0
16/11/2025 22:00;7.5;16.8;51.8;74.2;30.8;265.1;0;1;0;0;0;0;0;1;0;0;0;1
16/11/2025 23:00;4.51;18.2;29.2;71.7;66.1;112.9;1;0;1;0;0;0;0;1;0;1;0;0
17/11/2025 0:00;6.23;17.7;86.1;66.4;20.3;56.7;0;0;0;1;0;0;0;1;0;0;1;0
17/11/2025 1:00;7.38;31.1;61.5;25.3;28.6;65.4;0;1;0;0;0;1;0;0;0;0;1;0
17/11/2025 2:00;6.11;19.3;28.3;16.4;17.4;160.8;0;0;1;0;0;0;1;0;1;0;0;0
17/11/2025 3:00;7.59;19.3;70.4;68.9;33.3;63.6;0;1;0;0;0;0;0;1;0;0;1;0
17/11/2025 4:00;5.9;13.7;66.4;28.2;34.8;65.8;0;0;0;0;0;0;0;0;0;0;1;0
17/11/2025 5:00;5.84;12.3;24.6;21.7;79.7;143.5;0;0;1;0;0;0;0;0;0;1;0;0
17/11/2025 6:00;5.63;19.7;71.0;27.0;37.4;118.9;0;0;0;0;0;0;0;0;0;0;0;0
17/11/2025 7:00;7.58;15.2;71.7;13.7;33.8;246.0;0;1;0;0;0;0;1;0;0;0;0;1
17/11/2025 8:00;5.28;8.9;74.2;29.4;8.2;113.1;1;0;0;0;1;0;0;0;1;0;0;0
17/11/2025 9:00;4.9;15.9;89.7;17.4;36.6;142.9;1;0;0;1;0;0;1;0;0;0;0;0
17/11/2025 10:00;5.94;30.0;68.5;15.3;27.9;244.7;0;0;0;0;0;1;1;0;0;0;0;1
17/11/2025 11:00;5.55;-1.1;36.9;28.6;34.9;111.2;0;0;1;0;1;0;0;0;0;0;0;0
17/11/2025 12:00;6.11;13.0;70.6;66.8;31.7;48.6;0;0;0;0;0;0;0;1;0;0;1;0
17/11/2025 13:00;5.51;12.3;71.4;21.2;16.9;242.7;0;0;0;0;0;0;0;0;1;0;0;1
17/11/2025 14:00;5.02;18.4;61.4;12.9;26.1;117.7;1;0;0;0;0;0;1;0;0;0;0;0
17/11/2025 15:00;6.4;16.4;37.4;23.3;66.2;136.0;0;0;1;0;0;0;0;0;0;1;0;0
17/11/2025 16:00;4.63;3.0;88.7;57.3;18.0;101.1;1;0;0;1;1;0;0;1;1;0;0;0
17/11/2025 17:00;5.68;28.0;65.0;26.5;37.9;160.5;0;0;0;0;0;1;0;0;0;0;0;0
17/11/2025 18:00;4.51;19.6;87.2;29.3;26.6;101.3;1;0;0;1;0;0;0;0;0;0;0;0
17/11/2025 19:00;5.7;18.9;60.1;26.5;13.4;139.8;0;0;0;0;0;0;0;0;1;0;0;0
17/11/2025 20:00;5.76;13.8;53.1;22.8;88.3;111.8;0;0;0;0;0;0;0;0;0;1;0;0
17/11/2025 21:00;6.02;16.5;62.1;74.2;12.4;80.3;0;0;0;0;0;0;0;1;1;0;1;0
17/11/2025 22:00;5.72;16.0;67.4;72.8;20.4;64.4;0;0;0;0;0;0;0;1;0;0;1;0
17/11/2025 23:00;5.65;13.8;78.0;21.9;77.2;166.0;0;0;0;0;0;0;0;0;0;1;0;0
18/11/2025 0:00;6.1;0.3;63.8;68.0;21.3;110.2;0;0;0;0;1;0;0;1;0;0;0;0
18/11/2025 1:00;7.06;18.3;87.4;17.9;36.1;100.7;0;1;0;1;0;0;1;0;0;0;0;0
18/11/2025 2:00;6.38;14.9;71.1;15.6;10.7;84.2;0;0;0;0;0;0;1;0;1;0;1;0
18/11/2025 3:00;5.95;28.9;88.3;61.9;13.8;62.3;0;0;0;1;0;1;0;1;1;0;1;0
18/11/2025 4:00;6.26;19.5;31.4;29.4;14.7;80.4;0;0;1;0;0;0;0;0;1;0;1;0
18/11/2025 5:00;4.59;15.1;72.5;29.9;9.6;104.4;1;0;0;0;0;0;0;0;1;0;0;0
18/11/2025 6:00;4.91;1.5;87.8;23.9;38.0;91.9;1;0;0;1;1;0;0;0;0;0;1;0
18/11/2025 7:00;7.56;18.0;56.1;26.9;82.8;179.0;0;1;0;0;0;0;0;0;0;1;0;0
18/11/2025 8:00;5.62;19.4;60.2;29.2;21.3;258.7;0;0;0;0;0;0;0;0;0;0;0;1
18/11/2025 9:00;7.46;15.3;52.8;25.2;20.5;136.4;0;1;0;0;0;0;0;0;0;0;0;0
18/11/2025 10:00;7.04;12.5;66.1;22.0;32.2;94.3;0;1;0;0;0;0;0;0;0;0;1;0
18/11/2025 11:00;5.18;15.0;50.4;71.6;36.7;140.7;1;0;0;0;0;0;0;1;0;0;0;0
18/11/2025 12:00;6.1;17.0;77.3;28.6;20.4;77.1;0;0;0;0;0;0;0;0;0;0;1;0
18/11/2025 13:00;7.29;15.7;74.2;25.6;29.9;166.9;0;1;0;0;0;0;0;0;0;0;0;0
18/11/2025 14:00;6.08;33.9;65.2;28.6;38.8;112.3;0;0;0;0;0;1;0;0;0;0;0;0
18/11/2025 15:00;5.65;16.5;79.9;10.1;29.9;253.7;0;0;0;0;0;0;1;0;0;0;0;1
18/11/2025 16:00;6.42;14.8;61.1;22.9;29.7;107.2;0;0;0;0;0;0;0;0;0;0;0;0
18/11/2025 17:00;6.19;16.5;33.4;23.9;29.1;102.8;0;0;1;0;0;0;0;0;0;0;0;0
18/11/2025 18:00;7.27;17.9;55.4;10.9;65.8;126.4;0;1;0;0;0;0;1;0;0;1;0;0
18/11/2025 19:00;5.83;8.1;73.9;27.8;22.1;73.7;0;0;0;0;1;0;0;0;0;0;1;0
18/11/2025 20:00;5.5;16.3;63.5;22.8;38.1;102.8;0;0;0;0;0;0;0;0;0;0;0;0
18/11/2025 21:00;5.56;0.0;55.1;24.5;26.8;124.0;0;0;0;0;1;0;0;0;0;0;0;0
18/11/2025 22:00;5.7;13.2;59.7;21.8;33.5;104.7;0;0;0;0;0;0;0;0;0;0;0;0
18/11/2025 23:00;6.32;5.6;51.8;12.1;14.4;125.7;0;0;0;0;1;0;1;0;1;0;0;0
19/11/2025 0:00;5.7;31.9;90.8;29.2;27.2;123.9;0;0;0;1;0;1;0;0;0;0;0;0
19/11/2025 1:00;5.95;27.1;34.2;17.1;8.7;104.8;0;0;1;0;0;1;1;0;1;0;0;0
19/11/2025 2:00;6.16;6.3;60.5;65.3;24.3;109.2;0;0;0;0;1;0;0;1;0;0;0;0
19/11/2025 3:00;5.79;33.9;73.2;20.6;37.8;247.1;0;0;0;0;0;1;0;0;0;0;0;1
19/11/2025 4:00;6.38;14.5;71.0;20.8;27.7;124.0;0;0;0;0;0;0;0;0;0;0;0;0
19/11/2025 5:00;5.69;16.1;60.4;55.5;29.9;127.0;0;0;0;0;0;0;0;1;0;0;0;0
19/11/2025 6:00;5.98;12.9;67.8;24.5;23.2;154.9;0;0;0;0;0;0;0;0;0;0;0;0
19/11/2025 7:00;6.14;-1.4;50.6;10.9;25.5;132.4;0;0;0;0;1;0;1;0;0;0;0;0
19/11/2025 8:00;6.19;-1.5;64.7;28.3;36.1;176.0;0;0;0;0;1;0;0;0;0;0;0;0
19/11/2025 9:00;5.73;13.5;51.2;28.6;27.6;174.5;0;0;0;0;0;0;0;0;0;0;0;0
19/11/2025 10:00;6.29;4.9;58.0;20.8;15.1;141.8;0;0;0;0;1;0;0;0;1;0;0;0
19/11/2025 11:00;4.52;-0.9;71.7;28.2;33.2;169.2;1;0;0;0;1;0;0;0;0;0;0;0
19/11/2025 12:00;5.71;30.0;63.6;25.0;86.5;150.1;0;0;0;0;0;1;0;0;0;1;0;0
19/11/2025 13:00;6.5;29.3;92.1;16.8;37.6;108.6;0;0;0;1;0;1;1;0;0;0;0;0
19/11/2025 14:00;6.33;19.4;91.0;68.9;25.9;48.4;0;0;0;1;0;0;0;1;0;0;1;0
19/11/2025 15:00;7.1;26.2;62.5;29.7;23.1;260.7;0;1;0;0;0;1;0;0;0;0;0;1
19/11/2025 16:00;5.58;12.3;68.9;67.8;26.0;124.3;0;0;0;0;0;0;0;1;0;0;0;0
19/11/2025 17:00;5.94;15.4;64.3;22.2;25.3;130.4;0;0;0;0;0;0;0;0;0;0;0;0
19/11/2025 18:00;5.57;18.6;54.6;25.0;65.7;40.8;0;0;0;0;0;0;0;0;0;1;1;0
19/11/2025 19:00;6.44;13.6;65.2;30.0;31.3;252.6;0;0;0;0;0;0;0;0;0;0;0;1
19/11/2025 20:00;5.84;19.2;61.6;22.3;38.0;132.5;0;0;0;0;0;0;0;0;0;0;0;0
19/11/2025 21:00;7.3;19.4;58.1;20.5;25.2;160.1;0;1;0;0;0;0;0;0;0;0;0;0
19/11/2025 22:00;7.48;29.0;53.5;11.0;79.6;126.4;0;1;0;0;0;1;1;0;0;1;0;0
19/11/2025 23:00;5.74;29.5;24.7;23.3;31.5;133.5;0;0;1;0;0;1;0;0;0;0;0;0
20/11/2025 0:00;6.23;15.8;63.2;28.7;75.9;115.0;0;0;0;0;0;0;0;0;0;1;0;0
20/11/2025 1:00;7.53;15.0;67.3;20.3;30.8;136.4;0;1;0;0;0;0;0;0;0;0;0;0
20/11/2025 2:00;5.66;15.4;58.4;29.0;31.1;141.3;0;0;0;0;0;0;0;0;0;0;0;0
20/11/2025 3:00;5.18;17.2;62.9;23.3;17.9;238.2;1;0;0;0;0;0;0;0;1;0;0;1
20/11/2025 4:00;5.1;17.3;63.2;28.1;28.5;154.0;1;0;0;0;0;0;0;0;0;0;0;0
20/11/2025 5:00;5.92;16.3;32.2;64.8;20.2;174.9;0;0;1;0;0;0;0;1;0;0;0;0
20/11/2025 6:00;5.91;14.5;58.3;26.7;24.1;132.0;0;0;0;0;0;0;0;0;0;0;0;0
20/11/2025 7:00;5.05;29.9;32.2;24.5;33.7;235.2;1;0;1;0;0;1;0;0;0;0;0;1
20/11/2025 8:00;5.69;20.0;82.6;28.5;24.5;101.2;0;0;0;1;0;0;0;0;0;0;0;0
20/11/2025 9:00;5.66;33.4;57.8;23.6;23.4;107.3;0;0;0;0;0;1;0;0;0;0;0;0
20/11/2025 10:00;6.08;13.5;74.1;20.7;37.5;159.8;0;0;0;0;0;0;0;0;0;0;0;0
20/11/2025 11:00;5.97;14.6;73.7;28.5;38.9;87.7;0;0;0;0;0;0;0;0;0;0;1;0
20/11/2025 12:00;7.27;15.6;59.0;27.9;66.5;51.7;0;1;0;0;0;0;0;0;0;1;1;0
20/11/2025 13:00;5.63;7.8;65.9;11.6;37.7;113.9;0;0;0;0;1;0;1;0;0;0;0;0
20/11/2025 14:00;6.24;18.9;75.3;15.3;32.4;179.2;0;0;0;0;0;0;1;0;0;0;0;0
20/11/2025 15:00;4.63;15.7;91.8;21.9;36.6;153.9;1;0;0;1;0;0;0;0;0;0;0;0
20/11/2025 16:00;4.88;13.5;83.1;27.2;11.2;250.8;1;0;0;1;0;0;0;0;1;0;0;1
20/11/2025 17:00;6.3;18.9;54.3;28.5;81.3;143.4;0;0;0;0;0;0;0;0;0;1;0;0
20/11/2025 18:00;5.72;17.9;34.3;68.2;28.2;163.2;0;0;1;0;0;0;0;1;0;0;0;0
20/11/2025 19:00;5.97;17.9;31.8;72.7;24.8;46.1;0;0;1;0;0;0;0;1;0;0;1;0
20/11/2025 20:00;6.4;19.4;76.9;63.1;84.1;44.0;0;0;0;0;0;0;0;1;0;1;1;0
20/11/2025 21:00;6.3;18.9;82.4;26.8;29.2;256.6;0;0;0;1;0;0;0;0;0;0;0;1
20/11/2025 22:00;6.25;17.6;62.4;61.9;33.5;45.9;0;0;0;0;0;0;0;1;0;0;1;0
20/11/2025 23:00;6.12;33.2;76.6;23.6;29.1;53.7;0;0;0;0;0;1;0;0;0;0;1;0
21/11/2025 0:00;6.46;16.9;51.1;17.2;12.4;118.1;0;0;0;0;0;0;1;0;1;0;0;0
21/11/2025 1:00;4.6;18.1;70.9;23.2;31.4;118.2;1;0;0;0;0;0;0;0;0;0;0;0
21/11/2025 2:00;5.87;15.7;56.5;25.4;16.3;53.6;0;0;0;0;0;0;0;0;1;0;1;0
21/11/2025 3:00;6.29;29.2;23.4;23.3;30.3;132.0;0;0;1;0;0;1;0;0;0;0;0;0
21/11/2025 4:00;5.85;14.1;63.9;30.0;20.4;153.7;0;0;0;0;0;0;0;0;0;0;0;0
21/11/2025 5:00;5.86;18.1;35.1;13.0;21.7;156.7;0;0;1;0;0;0;1;0;0;0;0;0
21/11/2025 6:00;6.48;4.1;55.4;11.8;27.9;129.1;0;0;0;0;1;0;1;0;0;0;0;0
21/11/2025 7:00;7.34;15.1;76.9;24.7;31.9;252.8;0;1;0;0;0;0;0;0;0;0;0;1
21/11/2025 8:00;7.4;31.7;85.4;60.1;33.3;255.9;0;1;0;1;0;1;0;1;0;0;0;1
21/11/2025 9:00;5.83;12.0;30.0;28.0;23.3;108.4;0;0;1;0;0;0;0;0;0;0;0;0
21/11/2025 10:00;6.13;5.5;85.7;14.8;39.1;122.2;0;0;0;1;1;0;1;0;0;0;0;0
21/11/2025 11:00;6.06;4.4;63.0;23.6;28.0;119.2;0;0;0;0;1;0;0;0;0;0;0;0
21/11/2025 12:00;5.29;18.7;97.2;29.4;26.4;89.2;1;0;0;1;0;0;0;0;0;0;1;0
21/11/2025 13:00;5.53;16.8;64.5;20.5;15.0;175.8;0;0;0;0;0;0;0;0;1;0;0;0
21/11/2025 14:00;5.57;7.8;24.3;29.9;36.1;140.8;0;0;1;0;1;0;0;0;0;0;0;0
21/11/2025 15:00;4.59;30.8;95.5;66.6;36.4;157.4;1;0;0;1;0;1;0;1;0;0;0;0
21/11/2025 16:00;5.55;0.3;27.5;23.3;74.2;153.3;0;0;1;0;1;0;0;0;0;1;0;0
21/11/2025 17:00;7.17;8.7;71.2;69.0;38.1;110.3;0;1;0;0;1;0;0;1;0;0;0;0
21/11/2025 18:00;5.92;14.2;76.0;22.8;39.1;166.0;0;0;0;0;0;0;0;0;0;0;0;0
21/11/2025 19:00;5.67;5.5;76.6;27.8;35.1;125.1;0;0;0;0;1;0;0;0;0;0;0;0
21/11/2025 20:00;7.29;16.8;74.7;11.0;14.6;178.2;0;1;0;0;0;0;1;0;1;0;0;0
21/11/2025 21:00;7.21;18.7;69.4;74.2;34.2;134.4;0;1;0;0;0;0;0;1;0;0;0;0
21/11/2025 22:00;5.64;15.1;67.3;64.2;32.5;74.3;0;0;0;0;0;0;0;1;0;0;1;0
21/11/2025 23:00;6.45;12.9;50.2;20.5;28.0;159.7;0;0;0;0;0;0;0;0;0;0;0;0
22/11/2025 0:00;6.5;18.0;77.5;22.5;32.3;44.5;0;0;0;0;0;0;0;0;0;0;1;0
22/11/2025 1:00;5.69;19.7;72.6;25.6;21.3;67.6;0;0;0;0;0;0;0;0;0;0;1;0
22/11/2025 2:00;5.65;18.5;71.8;22.9;37.1;262.9;0;0;0;0;0;0;0;0;0;0;0;1
22/11/2025 3:00;6.44;29.0;66.9;21.4;9.5;151.9;0;0;0;0;0;1;0;0;1;0;0;0
22/11/2025 4:00;5.17;15.5;29.2;27.4;39.2;68.9;1;0;1;0;0;0;0;0;0;0;1;0
22/11/2025 5:00;6.27;16.9;37.2;20.7;26.3;155.1;0;0;1;0;0;0;0;0;0;0;0;0
22/11/2025 6:00;5.98;16.2;30.6;17.3;25.9;147.2;0;0;1;0;0;0;1;0;0;0;0;0
22/11/2025 7:00;5.7;18.7;24.1;27.1;14.2;126.3;0;0;1;0;0;0;0;0;1;0;0;0
22/11/2025 8:00;5.05;12.0;76.1;27.3;27.2;73.5;1;0;0;0;0;0;0;0;0;0;1;0
22/11/2025 9:00;6.25;17.5;58.2;23.4;29.6;168.7;0;0;0;0;0;0;0;0;0;0;0;0
22/11/2025 10:00;5.52;13.7;32.4;27.1;27.3;249.1;0;0;1;0;0;0;0;0;0;0;0;1
22/11/2025 11:00;5.77;17.2;72.1;13.2;33.8;111.3;0;0;0;0;0;0;1;0;0;0;0;0
22/11/2025 12:00;6.02;18.1;64.9;17.2;20.1;178.1;0;0;0;0;0;0;1;0;0;0;0;0
22/11/2025 13:00;6.34;16.6;50.5;17.6;37.5;107.6;0;0;0;0;0;0;1;0;0;0;0;0
22/11/2025 14:00;6.33;18.9;72.4;24.0;38.4;155.8;0;0;0;0;0;0;0;0;0;0;0;0
22/11/2025 15:00;5.98;17.0;59.1;26.9;86.0;49.2;0;0;0;0;0;0;0;0;0;1;1;0
22/11/2025 16:00;5.82;32.1;25.7;23.5;76.2;60.5;0;0;1;0;0;1;0;0;0;1;1;0
22/11/2025 17:00;5.95;18.3;65.0;21.5;24.3;109.8;0;0;0;0;0;0;0;0;0;0;0;0
22/11/2025 18:00;6.26;17.9;59.3;64.6;23.5;107.7;0;0;0;0;0;0;0;1;0;0;0;0
22/11/2025 19:00;4.51;15.1;74.5;28.7;33.2;146.5;1;0;0;0;0;0;0;0;0;0;0;0
22/11/2025 20:00;6.24;14.6;76.8;17.7;72.3;139.5;0;0;0;0;0;0;1;0;0;1;0;0
22/11/2025 21:00;4.57;17.7;68.6;28.7;25.2;68.8;1;0;0;0;0;0;0;0;0;0;1;0
22/11/2025 22:00;7.19;15.1;60.9;20.0;25.7;72.2;0;1;0;0;0;0;0;0;0;0;1;0
22/11/2025 23:00;5.54;19.0;72.1;22.1;30.7;255.1;0;0;0;0;0;0;0;0;0;0;0;1
23/11/2025 0:00;5.71;16.2;74.9;72.9;67.9;103.4;0;0;0;0;0;0;0;1;0;1;0;0
23/11/2025 1:00;4.79;17.8;65.3;17.1;69.3;46.7;1;0;0;0;0;0;1;0;0;1;1;0
23/11/2025 2:00;6.39;17.0;79.1;24.5;36.4;173.7;0;0;0;0;0;0;0;0;0;0;0;0
23/11/2025 3:00;6.18;16.6;51.6;27.9;8.6;267.9;0;0;0;0;0;0;0;0;1;0;0;1
23/11/2025 4:00;5.8;13.8;66.8;29.3;25.1;269.1;0;0;0;0;0;0;0;0;0;0;0;1
23/11/2025 5:00;6.31;16.2;61.7;25.0;78.4;178.6;0;0;0;0;0;0;0;0;0;1;0;0
23/11/2025 6:00;6.41;13.9;50.9;29.3;68.3;130.8;0;0;0;0;0;0;0;0;0;1;0;0
23/11/2025 7:00;5.88;16.6;27.2;24.4;34.5;162.6;0;0;1;0;0;0;0;0;0;0;0;0
23/11/2025 8:00;5.11;0.9;26.9;23.7;24.3;65.8;1;0;1;0;1;0;0;0;0;0;1;0
23/11/2025 9:00;5.8;33.9;72.2;21.9;77.1;238.3;0;0;0;0;0;1;0;0;0;1;0;1
23/11/2025 10:00;5.76;15.1;27.7;74.8;33.6;162.2;0;0;1;0;0;0;0;1;0;0;0;0
23/11/2025 11:00;5.76;5.8;76.2;22.4;17.8;152.3;0;0;0;0;1;0;0;0;1;0;0;0
23/11/2025 12:00;6.1;12.5;59.7;29.9;36.5;156.8;0;0;0;0;0;0;0;0;0;0;0;0
23/11/2025 13:00;5.59;26.3;73.2;11.8;12.8;62.1;0;0;0;0;0;1;1;0;1;0;1;0
23/11/2025 14:00;6.39;12.8;99.5;23.4;71.7;44.1;0;0;0;1;0;0;0;0;0;1;1;0
23/11/2025 15:00;5.82;15.2;82.7;66.4;34.8;145.7;0;0;0;1;0;0;0;1;0;0;0;0
23/11/2025 16:00;6.34;14.8;31.4;28.0;28.2;130.6;0;0;1;0;0;0;0;0;0;0;0;0
23/11/2025 17:00;5.73;29.5;56.8;28.4;88.6;108.2;0;0;0;0;0;1;0;0;0;1;0;0
23/11/2025 18:00;4.62;19.5;58.7;21.1;13.4;135.4;1;0;0;0;0;0;0;0;1;0;0;0
23/11/2025 19:00;5.13;13.5;75.0;27.6;37.4;154.4;1;0;0;0;0;0;0;0;0;0;0;0
23/11/2025 20:00;5.14;17.0;66.2;24.6;29.0;118.0;1;0;0;0;0;0;0;0;0;0;0;0
23/11/2025 21:00;5.57;3.4;58.7;27.2;36.7;41.2;0;0;0;0;1;0;0;0;0;0;1;0
23/11/2025 22:00;5.52;18.7;77.5;16.5;89.2;94.2;0;0;0;0;0;0;1;0;0;1;1;0
23/11/2025 23:00;7.02;19.3;86.2;24.6;74.3;239.8;0;1;0;1;0;0;0;0;0;1;0;1
24/11/2025 0:00;7.06;17.6;61.6;17.8;31.9;128.1;0;1;0;0;0;0;1;0;0;0;0;0
24/11/2025 1:00;5.18;16.1;82.9;11.1;39.8;55.3;1;0;0;1;0;0;1;0;0;0;1;0
24/11/2025 2:00;5.75;16.9;79.7;61.2;20.7;178.6;0;0;0;0;0;0;0;1;0;0;0;0
24/11/2025 3:00;5.76;16.4;66.2;13.4;22.4;111.4;0;0;0;0;0;0;1;0;0;0;0;0
24/11/2025 4:00;6.5;15.3;76.2;21.3;70.6;247.1;0;0;0;0;0;0;0;0;0;1;0;1
24/11/2025 5:00;7.26;28.8;60.9;11.0;20.2;92.8;0;1;0;0;0;1;1;0;0;0;1;0
24/11/2025 6:00;6.08;14.9;95.1;23.0;36.8;140.8;0;0;0;1;0;0;0;0;0;0;0;0
24/11/2025 7:00;5.82;18.5;52.1;26.2;11.5;153.8;0;0;0;0;0;0;0;0;1;0;0;0
24/11/2025 8:00;6.08;3.2;60.8;15.6;8.5;107.6;0;0;0;0;1;0;1;0;1;0;0;0
24/11/2025 9:00;6.33;3.4;51.5;10.1;22.5;107.1;0;0;0;0;1;0;1;0;0;0;0;0
24/11/2025 10:00;6.21;12.5;28.1;56.9;24.2;54.5;0;0;1;0;0;0;0;1;0;0;1;0
24/11/2025 11:00;6.41;18.1;66.5;25.5;22.4;167.4;0;0;0;0;0;0;0;0;0;0;0;0
24/11/2025 12:00;7.4;18.9;59.7;15.9;13.3;132.9;0;1;0;0;0;0;1;0;1;0;0;0
24/11/2025 13:00;6.46;-0.5;52.6;23.9;29.0;138.1;0;0;0;0;1;0;0;0;0;0;0;0
24/11/2025 14:00;5.69;16.7;51.6;28.4;13.3;116.1;0;0;0;0;0;0;0;0;1;0;0;0
24/11/2025 15:00;6.27;15.0;60.3;25.4;23.6;128.8;0;0;0;0;0;0;0;0;0;0;0;0
24/11/2025 16:00;5.78;30.1;39.0;28.0;34.4;111.6;0;0;1;0;0;1;0;0;0;0;0;0
24/11/2025 17:00;6.13;2.4;63.1;29.9;37.4;254.4;0;0;0;0;1;0;0;0;0;0;0;1
24/11/2025 18:00;4.91;4.1;56.3;65.9;20.9;116.1;1;0;0;0;1;0;0;1;0;0;0;0
24/11/2025 19:00;6.05;29.6;28.1;64.3;32.3;260.3;0;0;1;0;0;1;0;1;0;0;0;1
24/11/2025 20:00;6.05;6.3;74.7;65.8;12.2;164.6;0;0;0;0;1;0;0;1;1;0;0;0
24/11/2025 21:00;6.07;31.4;98.1;21.0;30.5;152.8;0;0;0;1;0;1;0;0;0;0;0;0
24/11/2025 22:00;6.0;13.1;78.2;21.1;67.4;143.4;0;0;0;0;0;0;0;0;0;1;0;0
24/11/2025 23:00;6.08;17.4;58.5;60.1;31.7;152.3;0;0;0;0;0;0;0;1;0;0;0;0
25/11/2025 0:00;5.82;14.3;62.7;30.0;29.5;151.1;0;0;0;0;0;0;0;0;0;0;0;0
25/11/2025 1:00;5.55;13.0;56.5;22.8;34.6;248.7;0;0;0;0;0;0;0;0;0;0;0;1
25/11/2025 2:00;5.97;17.1;64.1;64.1;69.1;126.3;0;0;0;0;0;0;0;1;0;1;0;0
25/11/2025 3:00;6.01;32.0;23.7;27.6;80.9;179.3;0;0;1;0;0;1;0;0;0;1;0;0
25/11/2025 4:00;6.09;26.6;72.2;28.1;23.7;52.0;0;0;0;0;0;1;0;0;0;0;1;0
25/11/2025 5:00;7.04;17.6;58.9;24.8;38.0;74.4;0;1;0;0;0;0;0;0;0;0;1;0
25/11/2025 6:00;5.21;13.5;58.9;15.1;32.9;230.0;1;0;0;0;0;0;1;0;0;0;0;1
25/11/2025 7:00;7.4;12.7;36.5;61.6;10.8;145.5;0;1;1;0;0;0;0;1;1;0;0;0
25/11/2025 8:00;6.27;16.2;54.7;14.8;22.5;90.6;0;0;0;0;0;0;1;0;0;0;1;0
25/11/2025 9:00;5.66;14.1;57.7;28.0;26.7;112.7;0;0;0;0;0;0;0;0;0;0;0;0
25/11/2025 10:00;6.05;15.9;56.9;21.1;31.3;175.2;0;0;0;0;0;0;0;0;0;0;0;0
25/11/2025 11:00;5.92;19.9;50.7;20.8;24.6;175.4;0;0;0;0;0;0;0;0;0;0;0;0
25/11/2025 12:00;6.34;8.1;75.1;66.1;16.7;108.9;0;0;0;0;1;0;0;1;1;0;0;0
25/11/2025 13:00;4.63;3.3;65.3;27.9;23.3;249.7;1;0;0;0;1;0;0;0;0;0;0;1
25/11/2025 14:00;6.06;16.7;79.6;20.4;23.5;123.1;0;0;0;0;0;0;0;0;0;0;0;0
25/11/2025 15:00;6.12;12.1;67.3;22.8;37.1;141.6;0;0;0;0;0;0;0;0;0;0;0;0
25/11/2025 16:00;6.37;13.9;20.2;22.9;23.7;142.4;0;0;1;0;0;0;0;0;0;0;0;0
25/11/2025 17:00;6.19;15.3;53.0;27.3;30.9;80.6;0;0;0;0;0;0;0;0;0;0;1;0
25/11/2025 18:00;6.23;28.0;63.2;29.8;34.3;50.7;0;0;0;0;0;1;0;0;0;0;1;0
25/11/2025 19:00;5.83;16.5;59.9;24.3;72.4;116.6;0;0;0;0;0;0;0;0;0;1;0;0
25/11/2025 20:00;5.51;17.1;84.8;20.7;38.0;81.7;0;0;0;1;0;0;0;0;0;0;1;0
25/11/2025 21:00;5.52;30.5;63.8;29.2;35.5;148.2;0;0;0;0;0;1;0;0;0;0;0;0
25/11/2025 22:00;5.81;18.8;33.8;70.7;24.3;174.5;0;0;1;0;0;0;0;1;0;0;0;0
25/11/2025 23:00;5.73;29.9;94.5;21.6;27.7;250.0;0;0;0;1;0;1;0;0;0;0;0;1
26/11/2025 0:00;7.5;16.5;36.0;70.7;21.5;145.9;0;1;1;0;0;0;0;1;0;0;0;0
26/11/2025 1:00;5.74;15.4;63.0;28.1;22.8;176.7;0;0;0;0;0;0;0;0;0;0;0;0
26/11/2025 2:00;5.83;14.7;65.1;72.9;25.6;168.7;0;0;0;0;0;0;0;1;0;0;0;0
26/11/2025 3:00;6.2;17.9;98.7;24.1;22.5;126.0;0;0;0;1;0;0;0;0;0;0;0;0
26/11/2025 4:00;7.36;15.7;76.8;11.9;37.3;111.1;0;1;0;0;0;0;1;0;0;0;0;0
26/11/2025 5:00;5.88;26.5;55.8;23.7;35.7;79.4;0;0;0;0;0;1;0;0;0;0;1;0
26/11/2025 6:00;6.16;7.4;38.1;22.6;32.9;61.1;0;0;1;0;1;0;0;0;0;0;1;0
26/11/2025 7:00;5.54;19.3;67.4;11.2;35.2;80.1;0;0;0;0;0;0;1;0;0;0;1;0
26/11/2025 8:00;5.87;5.3;50.3;27.4;17.7;48.4;0;0;0;0;1;0;0;0;1;0;1;0
26/11/2025 9:00;6.29;16.7;85.6;27.8;32.8;44.0;0;0;0;1;0;0;0;0;0;0;1;0
26/11/2025 10:00;6.37;18.1;79.2;60.7;34.6;148.7;0;0;0;0;0;0;0;1;0;0;0;0
26/11/2025 11:00;7.35;27.7;97.4;23.7;22.7;267.0;0;1;0;1;0;1;0;0;0;0;0;1
26/11/2025 12:00;6.04;12.9;74.7;11.6;72.3;170.4;0;0;0;0;0;0;1;0;0;1;0;0
26/11/2025 13:00;6.38;15.4;52.2;14.5;80.1;141.9;0;0;0;0;0;0;1;0;0;1;0;0
26/11/2025 14:00;5.75;19.2;74.2;24.0;38.4;239.3;0;0;0;0;0;0;0;0;0;0;0;1
26/11/2025 15:00;6.43;18.4;77.4;25.7;89.9;141.3;0;0;0;0;0;0;0;0;0;1;0;0
26/11/2025 16:00;6.07;7.4;59.2;12.0;35.0;172.2;0;0;0;0;1;0;1;0;0;0;0;0
26/11/2025 17:00;4.58;28.7;73.8;68.7;27.2;108.9;1;0;0;0;0;1;0;1;0;0;0;0
26/11/2025 18:00;7.43;14.7;58.0;15.4;87.1;146.2;0;1;0;0;0;0;1;0;0;1;0;0
26/11/2025 19:00;7.37;12.7;87.6;27.0;39.2;240.7;0;1;0;1;0;0;0;0;0;0;0;1
26/11/2025 20:00;5.01;12.6;36.6;22.6;35.3;124.9;1;0;1;0;0;0;0;0;0;0;0;0
26/11/2025 21:00;7.34;33.3;56.2;21.9;29.7;121.1;0;1;0;0;0;1;0;0;0;0;0;0
26/11/2025 22:00;6.25;19.0;71.7;26.4;66.5;149.3;0;0;0;0;0;0;0;0;0;1;0;0
26/11/2025 23:00;4.89;17.3;72.1;55.1;13.6;169.0;1;0;0;0;0;0;0;1;1;0;0;0
27/11/2025 0:00;5.09;19.7;26.1;24.4;20.5;169.8;1;0;1;0;0;0;0;0;0;0;0;0
27/11/2025 1:00;4.99;6.9;36.6;24.8;28.5;146.9;1;0;1;0;1;0;0;0;0;0;0;0
27/11/2025 2:00;6.4;12.6;63.2;27.3;33.1;141.9;0;0;0;0;0;0;0;0;0;0;0;0
27/11/2025 3:00;5.26;13.2;53.4;23.1;33.3;148.9;1;0;0;0;0;0;0;0;0;0;0;0
27/11/2025 4:00;5.78;15.9;70.7;29.7;34.8;100.0;0;0;0;0;0;0;0;0;0;0;0;0
27/11/2025 5:00;6.15;5.3;74.8;13.1;24.6;165.8;0;0;0;0;1;0;1;0;0;0;0;0
27/11/2025 6:00;5.92;15.0;21.5;23.5;17.1;176.8;0;0;1;0;0;0;0;0;1;0;0;0
27/11/2025 7:00;6.37;14.2;55.5;73.3;84.4;88.4;0;0;0;0;0;0;0;1;0;1;1;0
27/11/2025 8:00;7.3;15.4;36.2;24.0;33.6;108.2;0;1;1;0;0;0;0;0;0;0;0;0
27/11/2025 9:00;5.21;12.9;35.3;22.0;34.4;163.7;1;0;1;0;0;0;0;0;0;0;0;0
27/11/2025 10:00;5.74;18.5;65.0;16.8;8.3;139.1;0;0;0;0;0;0;1;0;1;0;0;0
27/11/2025 11:00;5.74;16.5;67.1;21.8;16.0;164.5;0;0;0;0;0;0;0;0;1;0;0;0
27/11/2025 12:00;6.48;15.9;66.6;13.6;11.8;105.7;0;0;0;0;0;0;1;0;1;0;0;0
27/11/2025 13:00;5.75;15.4;71.4;58.1;14.1;146.2;0;0;0;0;0;0;0;1;1;0;0;0
27/11/2025 14:00;5.65;32.2;59.9;62.3;37.5;172.5;0;0;0;0;0;1;0;1;0;0;0;0
27/11/2025 15:00;6.44;13.5;55.4;25.3;76.4;257.4;0;0;0;0;0;0;0;0;0;1;0;1
27/11/2025 16:00;5.03;32.2;59.7;27.9;73.4;88.3;1;0;0;0;0;1;0;0;0;1;1;0
27/11/2025 17:00;7.18;15.6;66.0;21.1;23.5;175.2;0;1;0;0;0;0;0;0;0;0;0;0
27/11/2025 18:00;5.8;16.5;78.8;11.6;38.7;114.3;0;0;0;0;0;0;1;0;0;0;0;0
27/11/2025 19:00;6.29;13.2;20.9;17.7;29.2;128.2;0;0;1;0;0;0;1;0;0;0;0;0
27/11/2025 20:00;5.96;18.7;57.1;13.2;20.3;127.7;0;0;0;0;0;0;1;0;0;0;0;0
27/11/2025 21:00;5.05;6.5;74.8;20.8;67.4;159.7;1;0;0;0;1;0;0;0;0;1;0;0
27/11/2025 22:00;5.64;28.5;88.4;29.4;37.5;140.4;0;0;0;1;0;1;0;0;0;0;0;0
27/11/2025 23:00;6.21;16.6;61.6;22.3;31.7;255.7;0;0;0;0;0;0;0;0;0;0;0;1
28/11/2025 0:00;4.79;15.6;32.9;21.6;75.5;172.2;1;0;1;0;0;0;0;0;0;1;0;0
28/11/2025 1:00;5.8;15.2;35.9;57.8;29.0;247.1;0;0;1;0;0;0;0;1;0;0;0;1
28/11/2025 2:00;6.16;17.0;92.4;29.7;38.5;257.2;0;0;0;1;0;0;0;0;0;0;0;1
28/11/2025 3:00;6.46;19.8;66.2;58.0;11.4;157.8;0;0;0;0;0;0;0;1;1;0;0;0
28/11/2025 4:00;6.41;28.8;66.0;24.0;23.9;130.4;0;0;0;0;0;1;0;0;0;0;0;0
28/11/2025 5:00;5.85;32.3;79.5;20.0;24.1;53.1;0;0;0;0;0;1;0;0;0;0;1;0
28/11/2025 6:00;5.58;18.9;27.2;67.8;22.4;116.5;0;0;1;0;0;0;0;1;0;0;0;0
28/11/2025 7:00;6.01;13.0;62.6;25.9;65.8;130.8;0;0;0;0;0;0;0;0;0;1;0;0
28/11/2025 8:00;6.15;27.5;90.5;13.9;38.2;103.2;0;0;0;1;0;1;1;0;0;0;0;0
28/11/2025 9:00;5.93;4.9;29.4;12.4;35.9;244.6;0;0;1;0;1;0;1;0;0;0;0;1
28/11/2025 10:00;5.7;15.6;72.8;74.3;35.7;137.5;0;0;0;0;0;0;0;1;0;0;0;0
28/11/2025 11:00;5.75;16.3;59.0;67.8;30.9;178.3;0;0;0;0;0;0;0;1;0;0;0;0
28/11/2025 12:00;6.2;1.3;72.3;16.2;28.0;163.9;0;0;0;0;1;0;1;0;0;0;0;0
28/11/2025 13:00;4.65;18.1;64.6;56.6;22.7;124.3;1;0;0;0;0;0;0;1;0;0;0;0
28/11/2025 14:00;6.43;13.3;61.9;30.0;22.0;106.3;0;0;0;0;0;0;0;0;0;0;0;0
28/11/2025 15:00;4.77;17.4;56.2;21.7;32.6;76.7;1;0;0;0;0;0;0;0;0;0;1;0
28/11/2025 16:00;5.86;29.6;94.4;13.7;32.4;172.5;0;0;0;1;0;1;1;0;0;0;0;0
28/11/2025 17:00;6.3;16.1;97.4;23.4;35.2;46.4;0;0;0;1;0;0;0;0;0;0;1;0
28/11/2025 18:00;7.22;12.6;59.5;26.5;12.2;121.1;0;1;0;0;0;0;0;0;1;0;0;0
28/11/2025 19:00;4.9;19.9;99.3;20.9;24.3;104.5;1;0;0;1;0;0;0;0;0;0;0;0
28/11/2025 20:00;5.57;-0.8;59.0;55.5;9.2;157.6;0;0;0;0;1;0;0;1;1;0;0;0
28/11/2025 21:00;5.22;14.2;28.0;27.5;34.6;163.9;1;0;1;0;0;0;0;0;0;0;0;0
28/11/2025 22:00;4.83;19.4;70.3;13.1;39.8;105.9;1;0;0;0;0;0;1;0;0;0;0;0
28/11/2025 23:00;6.15;19.2;68.1;17.9;65.4;262.1;0;0;0;0;0;0;1;0;0;1;0;1
29/11/2025 0:00;6.3;13.6;53.0;27.7;21.0;101.6;0;0;0;0;0;0;0;0;0;0;0;0
29/11/2025 1:00;6.46;18.7;21.7;11.6;24.0;134.3;0;0;1;0;0;0;1;0;0;0;0;0
29/11/2025 2:00;5.12;33.6;98.6;23.4;38.9;113.2;1;0;0;1;0;1;0;0;0;0;0;0
29/11/2025 3:00;4.54;13.4;81.1;58.7;20.8;90.4;1;0;0;1;0;0;0;1;0;0;1;0
29/11/2025 4:00;5.96;27.9;77.1;28.5;29.3;154.9;0;0;0;0;0;1;0;0;0;0;0;0
29/11/2025 5:00;6.27;14.5;50.7;23.3;21.9;149.3;0;0;0;0;0;0;0;0;0;0;0;0
29/11/2025 6:00;5.6;13.6;74.2;14.0;30.7;146.3;0;0;0;0;0;0;1;0;0;0;0;0
29/11/2025 7:00;6.33;15.9;84.5;65.2;79.1;262.1;0;0;0;1;0;0;0;1;0;1;0;1
29/11/2025 8:00;6.36;12.9;72.0;69.5;29.6;63.7;0;0;0;0;0;0;0;1;0;0;1;0
29/11/2025 9:00;6.11;30.4;58.2;64.0;68.6;253.6;0;0;0;0;0;1;0;1;0;1;0;1
29/11/2025 10:00;5.92;32.9;27.3;26.0;25.7;250.9;0;0;1;0;0;1;0;0;0;0;0;1
29/11/2025 11:00;6.32;5.7;76.2;21.2;27.5;152.9;0;0;0;0;1;0;0;0;0;0;0;0
29/11/2025 12:00;6.42;14.5;56.0;21.9;20.7;53.1;0;0;0;0;0;0;0;0;0;0;1;0
29/11/2025 13:00;5.54;12.2;58.3;22.2;36.3;46.4;0;0;0;0;0;0;0;0;0;0;1;0
29/11/2025 14:00;6.0;18.2;72.5;25.1;89.9;141.8;0;0;0;0;0;0;0;0;0;1;0;0
29/11/2025 15:00;6.37;5.6;66.6;21.0;39.0;179.9;0;0;0;0;1;0;0;0;0;0;0;0
29/11/2025 16:00;5.94;-0.9;53.1;14.3;33.6;113.8;0;0;0;0;1;0;1;0;0;0;0;0
29/11/2025 17:00;6.26;18.3;61.5;21.0;13.7;154.1;0;0;0;0;0;0;0;0;1;0;0;0
29/11/2025 18:00;6.46;26.2;76.4;29.9;21.2;110.5;0;0;0;0;0;1;0;0;0;0;0;0
29/11/2025 19:00;7.2;32.4;64.9;20.6;81.9;250.8;0;1;0;0;0;1;0;0;0;1;0;1
29/11/2025 20:00;5.75;26.3;56.9;21.4;32.3;83.3;0;0;0;0;0;1;0;0;0;0;1;0
29/11/2025 21:00;6.21;19.5;95.4;27.7;22.1;112.6;0;0;0;1;0;0;0;0;0;0;0;0
29/11/2025 22:00;6.27;18.3;85.4;21.2;87.6;40.6;0;0;0;1;0;0;0;0;0;1;1;0
29/11/2025 23:00;5.08;14.9;91.4;26.3;30.9;173.8;1;0;0;1;0;0;0;0;0;0;0;0
30/11/2025 0:00;5.65;14.9;50.8;70.9;34.2;169.6;0;0;0;0;0;0;0;1;0;0;0;0
30/11/2025 1:00;6.34;19.7;78.1;60.4;35.4;120.5;0;0;0;0;0;0;0;1;0;0;0;0
30/11/2025 2:00;5.93;32.7;62.1;22.4;26.3;140.8;0;0;0;0;0;1;0;0;0;0;0;0
30/11/2025 3:00;6.35;12.6;58.5;29.7;26.5;78.0;0;0;0;0;0;0;0;0;0;0;1;0
30/11/2025 4:00;7.09;12.3;66.9;66.4;13.0;106.3;0;1;0;0;0;0;0;1;1;0;0;0
30/11/2025 5:00;7.16;19.6;75.0;20.2;22.3;168.4;0;1;0;0;0;0;0;0;0;0;0;0
30/11/2025 6:00;6.12;16.8;75.0;16.1;89.6;134.2;0;0;0;0;0;0;1;0;0;1;0;0
30/11/2025 7:00;6.33;12.0;68.0;20.9;28.3;124.9;0;0;0;0;0;0;0;0;0;0;0;0
30/11/2025 8:00;7.4;12.9;77.5;23.3;21.2;116.3;0;1;0;0;0;0;0;0;0;0;0;0
30/11/2025 9:00;5.81;15.5;52.1;27.6;23.6;162.7;0;0;0;0;0;0;0;0;0;0;0;0
30/11/2025 10:00;5.52;12.2;69.2;22.8;30.6;72.9;0;0;0;0;0;0;0;0;0;0;1;0
30/11/2025 11:00;6.38;-2.0;66.3;20.6;65.0;72.1;0;0;0;0;1;0;0;0;0;1;1;0
30/11/2025 12:00;5.83;13.2;54.8;22.6;33.1;104.1;0;0;0;0;0;0;0;0;0;0;0;0
30/11/2025 13:00;4.59;32.2;68.8;20.8;36.8;147.7;1;0;0;0;0;1;0;0;0;0;0;0
30/11/2025 14:00;7.55;16.6;21.7;23.7;15.0;262.8;0;1;1;0;0;0;0;0;1;0;0;1
30/11/2025 15:00;7.29;8.3;57.3;24.3;36.9;233.9;0;1;0;0;1;0;0;0;0;0;0;1
30/11/2025 16:00;6.43;13.0;23.4;24.4;29.1;78.0;0;0;1;0;0;0;0;0;0;0;1;0
30/11/2025 17:00;6.4;15.8;51.7;16.6;33.9;102.6;0;0;0;0;0;0;1;0;0;0;0;0
30/11/2025 18:00;6.26;19.2;72.0;23.6;34.7;134.2;0;0;0;0;0;0;0;0;0;0;0;0
30/11/2025 19:00;5.58;2.9;79.2;27.2;32.1;141.5;0;0;0;0;1;0;0;0;0;0;0;0
30/11/2025 20:00;6.49;0.2;38.3;68.2;37.2;85.3;0;0;1;0;1;0;0;1;0;0;1;0
30/11/2025 21:00;5.56;15.2;58.1;27.1;28.8;177.4;0;0;0;0;0;0;0;0;0;0;0;0
30/11/2025 22:00;5.86;19.7;90.3;63.6;26.2;71.8;0;0;0;1;0;0;0;1;0;0;1;0
30/11/2025 23:00;5.07;15.7;56.5;12.3;10.8;112.7;1;0;0;0;0;0;1;0;1;0;0;0
